{
  "Lenovo Chromebook Duet 5 (2021)": {
    "Product_Brand": "Lenovo",
    "Release": "2021",
    "Screen_Size": "13",
    "RAM_Slots": 0,
    "Resolution": "FULL HD",
    "Touch_Screen": true,
    "Touch_ID": false,
    "Face_Unlock": false,
    "HDMI": false,
    "GPU_Brand": "Qualcomm",
    "GPU_Model": "Adreno 618",
    "USB-C_Ports": "2",
    "USB-C_Display": false,
    "Thunderbolt_3": false,
    "Thunderbolt_4": false,
    "USB-C_Charging": true,
    "CPU_Brand": "Qualcomm",
    "CPU_Model": "Snapdragon",
    "Core_Count": "8",
    "RAM_Max": "4",
    "RAM_Capacity": "4",
    "RAM_Type": "DDR4",
    "Ethernet": false,
    "3.5mm_Jack": false,
    "Refresh_Rate": "60",
    "Keyboard_Type": "Membrane",
    "Keyboard_Light": false,
    "Keyboard_SoftButtons": false,
    "UEFI": true,
    "Sensor": false,
    "Price": 145000
  },
  "Lenovo Chromebook Duet 3 (2022)": {
    "Product_Brand": "Lenovo",
    "Release": "2021",
    "Screen_Size": "10",
    "RAM_Slots": 0,
    "Resolution": "FULL HD",
    "Touch_Screen": true,
    "Touch_ID": false,
    "Face_Unlock": false,
    "HDMI": false,
    "GPU_Brand": "Qualcomm",
    "GPU_Model": "Adreno 618",
    "USB-C_Ports": "2",
    "USB-C_Display": false,
    "Thunderbolt_3": false,
    "Thunderbolt_4": false,
    "USB-C_Charging": true,
    "CPU_Brand": "Qualcomm",
    "CPU_Model": "Snapdragon",
    "Core_Count": "8",
    "RAM_Max": "8",
    "RAM_Capacity": "8",
    "RAM_Type": "DDR4",
    "Ethernet": false,
    "3.5mm_Jack": false,
    "Refresh_Rate": "60",
    "Keyboard_Type": "Membrane",
    "Keyboard_Light": false,
    "Keyboard_SoftButtons": false,
    "UEFI": true,
    "Sensor": false,
    "Price": 135000
  },
  "Dell XPS 15 (2023)": {
    "Product_Brand": "Dell",
    "Release": "2023",
    "Screen_Size": "15",
    "RAM_Slots": "2",
    "Resolution": "FULL HD",
    "Touch_Screen": false,
    "Touch_ID": false,
    "Face_Unlock": true,
    "HDMI": false,
    "GPU_Brand": "Intel",
    "GPU_Model": "Arc A370M",
    "USB-C_Ports": "3",
    "USB-C_Display": false,
    "Thunderbolt_3": false,
    "Thunderbolt_4": false,
    "USB-C_Charging": true,
    "CPU_Brand": "Intel",
    "CPU_Model": "Core i7",
    "Core_Count": "14",
    "RAM_Max": "32",
    "RAM_Capacity": "16",
    "RAM_Type": "DDR5",
    "Ethernet": false,
    "3.5mm_Jack": true,
    "Refresh_Rate": "60",
    "Keyboard_Type": "Membrane",
    "Keyboard_Light": false,
    "Keyboard_SoftButtons": false,
    "UEFI": true,
    "Sensor": false,
    "Price": 60000
  },
  "HP Pavilion Gaming Laptop 15 (2021)": {
    "Product_Brand": "HP",
    "Release": "2019",
    "Screen_Size": "15",
    "RAM_Slots": "2",
    "Resolution": "FULL HD",
    "Touch_Screen": false,
    "Touch_ID": false,
    "Face_Unlock": false,
    "HDMI": true,
    "GPU_Brand": "NVIDIA",
    "GPU_Model": "GTX 1650",
    "USB-C_Ports": "1",
    "USB-C_Display": false,
    "Thunderbolt_3": false,
    "Thunderbolt_4": false,
    "USB-C_Charging": false,
    "CPU_Brand": "AMD",
    "CPU_Model": "Ryzen",
    "Core_Count": "6",
    "RAM_Max": "32",
    "RAM_Capacity": "8",
    "RAM_Type": "DDR4",
    "Ethernet": true,
    "3.5mm_Jack": true,
    "Refresh_Rate": "60",
    "Keyboard_Type": "Membrane",
    "Keyboard_Light": false,
    "Keyboard_SoftButtons": false,
    "UEFI": true,
    "Sensor": false,
    "Price": 117000
  },
  "Lenovo IdeaPad Gaming 3i (2021)": {
    "Product_Brand": "Lenovo",
    "Release": "2020",
    "Screen_Size": "15",
    "RAM_Slots": "2",
    "Resolution": "FULL HD",
    "Touch_Screen": false,
    "Touch_ID": false,
    "Face_Unlock": false,
    "HDMI": true,
    "GPU_Brand": "NVIDIA",
    "GPU_Model": "GTX 1650",
    "USB-C_Ports": "1",
    "USB-C_Display": false,
    "Thunderbolt_3": false,
    "Thunderbolt_4": false,
    "USB-C_Charging": false,
    "CPU_Brand": "Intel",
    "CPU_Model": "Core i5",
    "Core_Count": "4",
    "RAM_Max": "32",
    "RAM_Capacity": "8",
    "RAM_Type": "DDR4",
    "Ethernet": true,
    "3.5mm_Jack": true,
    "Refresh_Rate": "60",
    "Keyboard_Type": "Membrane",
    "Keyboard_Light": false,
    "Keyboard_SoftButtons": false,
    "UEFI": true,
    "Sensor": false,
    "Price": 173000
  },
  "HP OMEN 16 (2022)": {
    "Product_Brand": "HP",
    "Release": "2021",
    "Screen_Size": "16",
    "RAM_Slots": "2",
    "Resolution": "FULL HD",
    "Touch_Screen": false,
    "Touch_ID": false,
    "Face_Unlock": false,
    "HDMI": true,
    "GPU_Brand": "NVIDIA",
    "GPU_Model": "GTX 1650",
    "USB-C_Ports": "1",
    "USB-C_Display": false,
    "Thunderbolt_3": false,
    "Thunderbolt_4": false,
    "USB-C_Charging": true,
    "CPU_Brand": "Intel",
    "CPU_Model": "Core i5",
    "Core_Count": "12",
    "RAM_Max": "32",
    "RAM_Capacity": "8",
    "RAM_Type": "DDR5",
    "Ethernet": true,
    "3.5mm_Jack": true,
    "Refresh_Rate": "60",
    "Keyboard_Type": "Membrane",
    "Keyboard_Light": false,
    "Keyboard_SoftButtons": false,
    "UEFI": true,
    "Sensor": false,
    "Price": 184000
  },
  "Acer Nitro 5 15 (2020)": {
    "Product_Brand": "Acer",
    "Release": "2020",
    "Screen_Size": "15",
    "RAM_Slots": "2",
    "Resolution": "FULL HD",
    "Touch_Screen": false,
    "Touch_ID": false,
    "Face_Unlock": false,
    "HDMI": true,
    "GPU_Brand": "NVIDIA",
    "GPU_Model": "GTX 1650 Ti",
    "USB-C_Ports": "1",
    "USB-C_Display": false,
    "Thunderbolt_3": false,
    "Thunderbolt_4": false,
    "USB-C_Charging": false,
    "CPU_Brand": "AMD",
    "CPU_Model": "Ryzen",
    "Core_Count": "6",
    "RAM_Max": "32",
    "RAM_Capacity": "8",
    "RAM_Type": "DDR4",
    "Ethernet": true,
    "3.5mm_Jack": true,
    "Refresh_Rate": "60",
    "Keyboard_Type": "Membrane",
    "Keyboard_Light": false,
    "Keyboard_SoftButtons": false,
    "UEFI": true,
    "Sensor": false,
    "Price": 154000
  },
  "Thomson NEO 10 (2020)": {
    "Product_Brand": "Thomson",
    "Release": 2018,
    "Screen_Size": "10",
    "RAM_Slots": 0,
    "Resolution": "HD",
    "Touch_Screen": false,
    "Touch_ID": false,
    "Face_Unlock": false,
    "HDMI": true,
    "GPU_Brand": "Intel",
    "GPU_Model": "HD 400",
    "USB-C_Ports": "0",
    "USB-C_Display": false,
    "Thunderbolt_3": false,
    "Thunderbolt_4": false,
    "USB-C_Charging": false,
    "CPU_Brand": "Intel",
    "CPU_Model": "Atom",
    "Core_Count": "4",
    "RAM_Max": "4",
    "RAM_Capacity": "4",
    "RAM_Type": "DDR3",
    "Ethernet": false,
    "3.5mm_Jack": true,
    "Refresh_Rate": "60",
    "Keyboard_Type": "Membrane",
    "Keyboard_Light": false,
    "Keyboard_SoftButtons": false,
    "UEFI": true,
    "Sensor": false,
    "Price": 208000
  },
  "Acer Swift 3 14 (2020)": {
    "Product_Brand": "Acer",
    "Release": "2019",
    "Screen_Size": "14",
    "RAM_Slots": 0,
    "Resolution": "FULL HD",
    "Touch_Screen": false,
    "Touch_ID": false,
    "Face_Unlock": false,
    "HDMI": true,
    "GPU_Brand": "Intel",
    "GPU_Model": "Iris",
    "USB-C_Ports": "1",
    "USB-C_Display": false,
    "Thunderbolt_3": false,
    "Thunderbolt_4": false,
    "USB-C_Charging": true,
    "CPU_Brand": "Intel",
    "CPU_Model": "Core i5",
    "Core_Count": "4",
    "RAM_Max": "8",
    "RAM_Capacity": "8",
    "RAM_Type": "DDR4",
    "Ethernet": false,
    "3.5mm_Jack": true,
    "Refresh_Rate": "60",
    "Keyboard_Type": "Membrane",
    "Keyboard_Light": false,
    "Keyboard_SoftButtons": false,
    "UEFI": true,
    "Sensor": false,
    "Price": 149000
  },
  "LG gram 17 (2021)": {
    "Product_Brand": "LG",
    "Release": "2019",
    "Screen_Size": "17",
    "RAM_Slots": 0,
    "Resolution": "2K",
    "Touch_Screen": false,
    "Touch_ID": false,
    "Face_Unlock": false,
    "HDMI": true,
    "GPU_Brand": "Intel",
    "GPU_Model": "Iris",
    "USB-C_Ports": "2",
    "USB-C_Display": false,
    "Thunderbolt_3": false,
    "Thunderbolt_4": false,
    "USB-C_Charging": true,
    "CPU_Brand": "Intel",
    "CPU_Model": "Core i5",
    "Core_Count": "4",
    "RAM_Max": "8",
    "RAM_Capacity": "8",
    "RAM_Type": "DDR4",
    "Ethernet": false,
    "3.5mm_Jack": true,
    "Refresh_Rate": "60",
    "Keyboard_Type": "Membrane",
    "Keyboard_Light": false,
    "Keyboard_SoftButtons": false,
    "UEFI": true,
    "Sensor": false,
    "Price": 74000
  },
  "HP ENVY x360 13 (2020)": {
    "Product_Brand": "HP",
    "Release": "2019",
    "Screen_Size": "13",
    "RAM_Slots": 0,
    "Resolution": "FULL HD",
    "Touch_Screen": true,
    "Touch_ID": false,
    "Face_Unlock": false,
    "HDMI": false,
    "GPU_Brand": "Intel",
    "GPU_Model": "Iris",
    "USB-C_Ports": "1",
    "USB-C_Display": false,
    "Thunderbolt_3": false,
    "Thunderbolt_4": false,
    "USB-C_Charging": true,
    "CPU_Brand": "Intel",
    "CPU_Model": "Core i7",
    "Core_Count": "4",
    "RAM_Max": "8",
    "RAM_Capacity": "8",
    "RAM_Type": "DDR4",
    "Ethernet": false,
    "3.5mm_Jack": true,
    "Refresh_Rate": "60",
    "Keyboard_Type": "Membrane",
    "Keyboard_Light": false,
    "Keyboard_SoftButtons": false,
    "UEFI": true,
    "Sensor": false,
    "Price": 107000
  },
  "Lenovo IdeaPad 5 15 (2021)": {
    "Product_Brand": "Lenovo",
    "Release": "2020",
    "Screen_Size": "15",
    "RAM_Slots": 0,
    "Resolution": "FULL HD",
    "Touch_Screen": true,
    "Touch_ID": false,
    "Face_Unlock": false,
    "HDMI": true,
    "GPU_Brand": "Intel",
    "GPU_Model": "Iris",
    "USB-C_Ports": "1",
    "USB-C_Display": false,
    "Thunderbolt_3": false,
    "Thunderbolt_4": false,
    "USB-C_Charging": true,
    "CPU_Brand": "Intel",
    "CPU_Model": "Core i5",
    "Core_Count": "4",
    "RAM_Max": "8",
    "RAM_Capacity": "8",
    "RAM_Type": "DDR4",
    "Ethernet": false,
    "3.5mm_Jack": true,
    "Refresh_Rate": "60",
    "Keyboard_Type": "Mechanical",
    "Keyboard_Light": false,
    "Keyboard_SoftButtons": false,
    "UEFI": true,
    "Sensor": false,
    "Price": 59000
  },
  "Lenovo Yoga 7i 14 (2021)": {
    "Product_Brand": "Lenovo",
    "Release": "2020",
    "Screen_Size": "14",
    "RAM_Slots": 0,
    "Resolution": "FULL HD",
    "Touch_Screen": true,
    "Touch_ID": false,
    "Face_Unlock": false,
    "HDMI": false,
    "GPU_Brand": "Intel",
    "GPU_Model": "Iris",
    "USB-C_Ports": "2",
    "USB-C_Display": false,
    "Thunderbolt_3": false,
    "Thunderbolt_4": false,
    "USB-C_Charging": true,
    "CPU_Brand": "Intel",
    "CPU_Model": "Core i5",
    "Core_Count": "4",
    "RAM_Max": "8",
    "RAM_Capacity": "8",
    "RAM_Type": "DDR4",
    "Ethernet": false,
    "3.5mm_Jack": true,
    "Refresh_Rate": "60",
    "Keyboard_Type": "Membrane",
    "Keyboard_Light": false,
    "Keyboard_SoftButtons": false,
    "UEFI": true,
    "Sensor": false,
    "Price": 77000
  },
  "Framework Laptop 13 (2021)": {
    "Product_Brand": "Framework",
    "Release": "2020",
    "Screen_Size": "13",
    "RAM_Slots": "2",
    "Resolution": "2K",
    "Touch_Screen": false,
    "Touch_ID": false,
    "Face_Unlock": false,
    "HDMI": false,
    "GPU_Brand": "Intel",
    "GPU_Model": "Iris",
    "USB-C_Ports": "4",
    "USB-C_Display": false,
    "Thunderbolt_3": false,
    "Thunderbolt_4": false,
    "USB-C_Charging": true,
    "CPU_Brand": "Intel",
    "CPU_Model": "Core i7",
    "Core_Count": "4",
    "RAM_Max": "32",
    "RAM_Capacity": "16",
    "RAM_Type": "DDR4",
    "Ethernet": false,
    "3.5mm_Jack": true,
    "Refresh_Rate": "60",
    "Keyboard_Type": "Mechanical",
    "Keyboard_Light": false,
    "Keyboard_SoftButtons": false,
    "UEFI": true,
    "Sensor": false,
    "Price": 60000
  },
  "Lenovo Yoga 9i 14 (2021)": {
    "Product_Brand": "Lenovo",
    "Release": "2020",
    "Screen_Size": "14",
    "RAM_Slots": 0,
    "Resolution": "FULL HD",
    "Touch_Screen": true,
    "Touch_ID": false,
    "Face_Unlock": false,
    "HDMI": false,
    "GPU_Brand": "Intel",
    "GPU_Model": "Iris",
    "USB-C_Ports": "2",
    "USB-C_Display": false,
    "Thunderbolt_3": false,
    "Thunderbolt_4": false,
    "USB-C_Charging": true,
    "CPU_Brand": "Intel",
    "CPU_Model": "Core i7",
    "Core_Count": "4",
    "RAM_Max": "8",
    "RAM_Capacity": "8",
    "RAM_Type": "DDR4",
    "Ethernet": false,
    "3.5mm_Jack": true,
    "Refresh_Rate": "60",
    "Keyboard_Type": "Membrane",
    "Keyboard_Light": false,
    "Keyboard_SoftButtons": false,
    "UEFI": true,
    "Sensor": false,
    "Price": 42000
  },
  "Microsoft Surface Pro 8 (2021)": {
    "Product_Brand": "Microsoft",
    "Release": "2021",
    "Screen_Size": "13",
    "RAM_Slots": 0,
    "Resolution": "2K",
    "Touch_Screen": true,
    "Touch_ID": true,
    "Face_Unlock": true,
    "HDMI": false,
    "GPU_Brand": "Intel",
    "GPU_Model": "Iris",
    "USB-C_Ports": "2",
    "USB-C_Display": false,
    "Thunderbolt_3": false,
    "Thunderbolt_4": false,
    "USB-C_Charging": true,
    "CPU_Brand": "Intel",
    "CPU_Model": "Core i7",
    "Core_Count": "4",
    "RAM_Max": "16",
    "RAM_Capacity": "16",
    "RAM_Type": "DDR4",
    "Ethernet": false,
    "3.5mm_Jack": true,
    "Refresh_Rate": "120",
    "Keyboard_Type": "Membrane",
    "Keyboard_Light": true,
    "Keyboard_SoftButtons": false,
    "UEFI": true,
    "Sensor": false,
    "Price": 128000
  },
  "ASUS Chromebook Flip CX5 14 (2021)": {
    "Product_Brand": "ASUS",
    "Release": "2021",
    "Screen_Size": "14",
    "RAM_Slots": 0,
    "Resolution": "FULL HD",
    "Touch_Screen": true,
    "Touch_ID": false,
    "Face_Unlock": false,
    "HDMI": false,
    "GPU_Brand": "Intel",
    "GPU_Model": "Iris",
    "USB-C_Ports": "2",
    "USB-C_Display": false,
    "Thunderbolt_3": false,
    "Thunderbolt_4": false,
    "USB-C_Charging": true,
    "CPU_Brand": "Intel",
    "CPU_Model": "Core i5",
    "Core_Count": "4",
    "RAM_Max": "16",
    "RAM_Capacity": "16",
    "RAM_Type": "DDR4",
    "Ethernet": false,
    "3.5mm_Jack": true,
    "Refresh_Rate": "60",
    "Keyboard_Type": "Membrane",
    "Keyboard_Light": false,
    "Keyboard_SoftButtons": false,
    "UEFI": true,
    "Sensor": false,
    "Price": 74000
  },
  "Dell XPS 13 Plus (2022)": {
    "Product_Brand": "Dell",
    "Release": "2022",
    "Screen_Size": "13",
    "RAM_Slots": 0,
    "Resolution": "4K",
    "Touch_Screen": true,
    "Touch_ID": true,
    "Face_Unlock": true,
    "HDMI": false,
    "GPU_Brand": "Intel",
    "GPU_Model": "Iris",
    "USB-C_Ports": "2",
    "USB-C_Display": false,
    "Thunderbolt_3": false,
    "Thunderbolt_4": false,
    "USB-C_Charging": true,
    "CPU_Brand": "Intel",
    "CPU_Model": "Core i7",
    "Core_Count": "14",
    "RAM_Max": "32",
    "RAM_Capacity": "32",
    "RAM_Type": "DDR5",
    "Ethernet": false,
    "3.5mm_Jack": false,
    "Refresh_Rate": "60",
    "Keyboard_Type": "Membrane",
    "Keyboard_Light": false,
    "Keyboard_SoftButtons": false,
    "UEFI": true,
    "Sensor": false,
    "Price": 87000
  },
  "Microsoft Surface Laptop 5 (2022)": {
    "Product_Brand": "Microsoft",
    "Release": "2022",
    "Screen_Size": "15",
    "RAM_Slots": 0,
    "Resolution": "2K",
    "Touch_Screen": true,
    "Touch_ID": true,
    "Face_Unlock": true,
    "HDMI": false,
    "GPU_Brand": "Intel",
    "GPU_Model": "Iris",
    "USB-C_Ports": "1",
    "USB-C_Display": false,
    "Thunderbolt_3": false,
    "Thunderbolt_4": false,
    "USB-C_Charging": true,
    "CPU_Brand": "Intel",
    "CPU_Model": "Core i7",
    "Core_Count": "10",
    "RAM_Max": "16",
    "RAM_Capacity": "16",
    "RAM_Type": "DDR5",
    "Ethernet": false,
    "3.5mm_Jack": true,
    "Refresh_Rate": "60",
    "Keyboard_Type": "Mechanical",
    "Keyboard_Light": false,
    "Keyboard_SoftButtons": false,
    "UEFI": true,
    "Sensor": false,
    "Price": 153000
  },
  "Framework Laptop 13 (2022)": {
    "Product_Brand": "Framework",
    "Release": "2022",
    "Screen_Size": "13",
    "RAM_Slots": "2",
    "Resolution": "2K",
    "Touch_Screen": false,
    "Touch_ID": false,
    "Face_Unlock": false,
    "HDMI": true,
    "GPU_Brand": "Intel",
    "GPU_Model": "Iris",
    "USB-C_Ports": "1",
    "USB-C_Display": false,
    "Thunderbolt_3": false,
    "Thunderbolt_4": false,
    "USB-C_Charging": true,
    "CPU_Brand": "Intel",
    "CPU_Model": "Core i7",
    "Core_Count": "12",
    "RAM_Max": "32",
    "RAM_Capacity": "16",
    "RAM_Type": "DDR4",
    "Ethernet": false,
    "3.5mm_Jack": true,
    "Refresh_Rate": "60",
    "Keyboard_Type": "Membrane",
    "Keyboard_Light": false,
    "Keyboard_SoftButtons": false,
    "UEFI": true,
    "Sensor": false,
    "Price": 135000
  },
  "Acer Chromebook Spin 714 (2022)": {
    "Product_Brand": "Acer",
    "Release": "2022",
    "Screen_Size": "14",
    "RAM_Slots": 0,
    "Resolution": "FULL HD",
    "Touch_Screen": true,
    "Touch_ID": false,
    "Face_Unlock": false,
    "HDMI": true,
    "GPU_Brand": "Intel",
    "GPU_Model": "Iris",
    "USB-C_Ports": "2",
    "USB-C_Display": false,
    "Thunderbolt_3": false,
    "Thunderbolt_4": false,
    "USB-C_Charging": true,
    "CPU_Brand": "Intel",
    "CPU_Model": "Core i5",
    "Core_Count": "10",
    "RAM_Max": "8",
    "RAM_Capacity": "8",
    "RAM_Type": "DDR4",
    "Ethernet": false,
    "3.5mm_Jack": true,
    "Refresh_Rate": "60",
    "Keyboard_Type": "Membrane",
    "Keyboard_Light": false,
    "Keyboard_SoftButtons": false,
    "UEFI": true,
    "Sensor": false,
    "Price": 171000
  },
  "Lenovo IdeaPad Flex 5i 14 (2022)": {
    "Product_Brand": "Lenovo",
    "Release": "2022",
    "Screen_Size": "14",
    "RAM_Slots": 0,
    "Resolution": "FULL HD",
    "Touch_Screen": true,
    "Touch_ID": false,
    "Face_Unlock": false,
    "HDMI": true,
    "GPU_Brand": "Intel",
    "GPU_Model": "Iris",
    "USB-C_Ports": "1",
    "USB-C_Display": false,
    "Thunderbolt_3": false,
    "Thunderbolt_4": false,
    "USB-C_Charging": true,
    "CPU_Brand": "Intel",
    "CPU_Model": "Core i5",
    "Core_Count": "10",
    "RAM_Max": "8",
    "RAM_Capacity": "8",
    "RAM_Type": "DDR4",
    "Ethernet": false,
    "3.5mm_Jack": true,
    "Refresh_Rate": "60",
    "Keyboard_Type": "Membrane",
    "Keyboard_Light": false,
    "Keyboard_SoftButtons": false,
    "UEFI": true,
    "Sensor": false,
    "Price": 87000
  },
  "Acer Swift 3 14 (2022)": {
    "Product_Brand": "Acer",
    "Release": "2022",
    "Screen_Size": "14",
    "RAM_Slots": 0,
    "Resolution": "2K",
    "Touch_Screen": false,
    "Touch_ID": false,
    "Face_Unlock": false,
    "HDMI": true,
    "GPU_Brand": "Intel",
    "GPU_Model": "Iris",
    "USB-C_Ports": "2",
    "USB-C_Display": false,
    "Thunderbolt_3": false,
    "Thunderbolt_4": false,
    "USB-C_Charging": true,
    "CPU_Brand": "Intel",
    "CPU_Model": "Core i5",
    "Core_Count": "12",
    "RAM_Max": "8",
    "RAM_Capacity": "8",
    "RAM_Type": "DDR5",
    "Ethernet": false,
    "3.5mm_Jack": true,
    "Refresh_Rate": "90",
    "Keyboard_Type": "Membrane",
    "Keyboard_Light": true,
    "Keyboard_SoftButtons": false,
    "UEFI": true,
    "Sensor": false,
    "Price": 267000
  },
  "Acer Chromebook 516 GE (2022)": {
    "Product_Brand": "Acer",
    "Release": "2022",
    "Screen_Size": "16",
    "RAM_Slots": 0,
    "Resolution": "2K",
    "Touch_Screen": true,
    "Touch_ID": false,
    "Face_Unlock": false,
    "HDMI": true,
    "GPU_Brand": "Intel",
    "GPU_Model": "Iris",
    "USB-C_Ports": "2",
    "USB-C_Display": false,
    "Thunderbolt_3": false,
    "Thunderbolt_4": false,
    "USB-C_Charging": true,
    "CPU_Brand": "Intel",
    "CPU_Model": "Core i5",
    "Core_Count": "12",
    "RAM_Max": "8",
    "RAM_Capacity": "8",
    "RAM_Type": "DDR4",
    "Ethernet": true,
    "3.5mm_Jack": true,
    "Refresh_Rate": "120",
    "Keyboard_Type": "Membrane",
    "Keyboard_Light": true,
    "Keyboard_SoftButtons": false,
    "UEFI": true,
    "Sensor": false,
    "Price": 177000
  },
  "Dell Inspiron 14 (2023)": {
    "Product_Brand": "Dell",
    "Release": "2023",
    "Screen_Size": "14",
    "RAM_Slots": 0,
    "Resolution": "FULL HD",
    "Touch_Screen": false,
    "Touch_ID": false,
    "Face_Unlock": false,
    "HDMI": true,
    "GPU_Brand": "Intel",
    "GPU_Model": "Iris",
    "USB-C_Ports": "1",
    "USB-C_Display": false,
    "Thunderbolt_3": false,
    "Thunderbolt_4": false,
    "USB-C_Charging": true,
    "CPU_Brand": "Intel",
    "CPU_Model": "Core i5",
    "Core_Count": "10",
    "RAM_Max": "8",
    "RAM_Capacity": "8",
    "RAM_Type": "DDR5",
    "Ethernet": false,
    "3.5mm_Jack": true,
    "Refresh_Rate": "60",
    "Keyboard_Type": "Membrane",
    "Keyboard_Light": false,
    "Keyboard_SoftButtons": false,
    "UEFI": true,
    "Sensor": false,
    "Price": 225000
  },
  "Acer Swift 14 (2023)": {
    "Product_Brand": "Acer",
    "Release": "2023",
    "Screen_Size": "14",
    "RAM_Slots": 0,
    "Resolution": "2K",
    "Touch_Screen": true,
    "Touch_ID": false,
    "Face_Unlock": false,
    "HDMI": true,
    "GPU_Brand": "Intel",
    "GPU_Model": "Iris",
    "USB-C_Ports": "2",
    "USB-C_Display": false,
    "Thunderbolt_3": false,
    "Thunderbolt_4": false,
    "USB-C_Charging": true,
    "CPU_Brand": "Intel",
    "CPU_Model": "Core i7",
    "Core_Count": "14",
    "RAM_Max": "16",
    "RAM_Capacity": "16",
    "RAM_Type": "DDR5",
    "Ethernet": false,
    "3.5mm_Jack": true,
    "Refresh_Rate": "60",
    "Keyboard_Type": "Membrane",
    "Keyboard_Light": false,
    "Keyboard_SoftButtons": false,
    "UEFI": true,
    "Sensor": false,
    "Price": 225000
  },
  "LG gram 14 (2023)": {
    "Product_Brand": "LG",
    "Release": "2023",
    "Screen_Size": "14",
    "RAM_Slots": 0,
    "Resolution": "FULL HD",
    "Touch_Screen": false,
    "Touch_ID": false,
    "Face_Unlock": true,
    "HDMI": true,
    "GPU_Brand": "Intel",
    "GPU_Model": "Iris",
    "USB-C_Ports": "2",
    "USB-C_Display": false,
    "Thunderbolt_3": false,
    "Thunderbolt_4": false,
    "USB-C_Charging": true,
    "CPU_Brand": "Intel",
    "CPU_Model": "Core i7",
    "Core_Count": "12",
    "RAM_Max": "16",
    "RAM_Capacity": "16",
    "RAM_Type": "DDR5",
    "Ethernet": false,
    "3.5mm_Jack": true,
    "Refresh_Rate": "60",
    "Keyboard_Type": "Membrane",
    "Keyboard_Light": false,
    "Keyboard_SoftButtons": false,
    "UEFI": true,
    "Sensor": false,
    "Price": 219000
  },
  "Lenovo ThinkPad X1 Carbon Gen 11 (2023)": {
    "Product_Brand": "Lenovo",
    "Release": "2023",
    "Screen_Size": "14",
    "RAM_Slots": 0,
    "Resolution": "FULL HD",
    "Touch_Screen": false,
    "Touch_ID": false,
    "Face_Unlock": true,
    "HDMI": true,
    "GPU_Brand": "Intel",
    "GPU_Model": "Iris",
    "USB-C_Ports": "2",
    "USB-C_Display": false,
    "Thunderbolt_3": false,
    "Thunderbolt_4": false,
    "USB-C_Charging": true,
    "CPU_Brand": "Intel",
    "CPU_Model": "Core i7",
    "Core_Count": "10",
    "RAM_Max": "32",
    "RAM_Capacity": "32",
    "RAM_Type": "DDR5",
    "Ethernet": false,
    "3.5mm_Jack": true,
    "Refresh_Rate": "60",
    "Keyboard_Type": "Membrane",
    "Keyboard_Light": false,
    "Keyboard_SoftButtons": false,
    "UEFI": true,
    "Sensor": false,
    "Price": 187000
  },
  "ASUS Zenbook 14 Flip OLED (2023)": {
    "Product_Brand": "ASUS",
    "Release": "2023",
    "Screen_Size": "14",
    "RAM_Slots": 0,
    "Resolution": "2K",
    "Touch_Screen": true,
    "Touch_ID": true,
    "Face_Unlock": true,
    "HDMI": true,
    "GPU_Brand": "Intel",
    "GPU_Model": "Iris",
    "USB-C_Ports": "2",
    "USB-C_Display": false,
    "Thunderbolt_3": false,
    "Thunderbolt_4": false,
    "USB-C_Charging": true,
    "CPU_Brand": "Intel",
    "CPU_Model": "Core i5",
    "Core_Count": "12",
    "RAM_Max": "16",
    "RAM_Capacity": "16",
    "RAM_Type": "DDR5",
    "Ethernet": false,
    "3.5mm_Jack": true,
    "Refresh_Rate": "90",
    "Keyboard_Type": "Membrane",
    "Keyboard_Light": true,
    "Keyboard_SoftButtons": true,
    "UEFI": true,
    "Sensor": false,
    "Price": 121000
  },
  "ASUS Chromebook Vibe CX34 Flip (2023)": {
    "Product_Brand": "ASUS",
    "Release": "2023",
    "Screen_Size": "14",
    "RAM_Slots": 0,
    "Resolution": "FULL HD",
    "Touch_Screen": true,
    "Touch_ID": false,
    "Face_Unlock": false,
    "HDMI": true,
    "GPU_Brand": "Intel",
    "GPU_Model": "Iris",
    "USB-C_Ports": "2",
    "USB-C_Display": false,
    "Thunderbolt_3": false,
    "Thunderbolt_4": false,
    "USB-C_Charging": true,
    "CPU_Brand": "Intel",
    "CPU_Model": "Core i5",
    "Core_Count": "10",
    "RAM_Max": "8",
    "RAM_Capacity": "8",
    "RAM_Type": "DDR4",
    "Ethernet": false,
    "3.5mm_Jack": true,
    "Refresh_Rate": "144",
    "Keyboard_Type": "Membrane",
    "Keyboard_Light": true,
    "Keyboard_SoftButtons": false,
    "UEFI": true,
    "Sensor": false,
    "Price": 131000
  },
  "ASUS Vivobook S 16 Flip TP3604 (2023)": {
    "Product_Brand": "ASUS",
    "Release": "2023",
    "Screen_Size": "16",
    "RAM_Slots": 0,
    "Resolution": "FULL HD",
    "Touch_Screen": true,
    "Touch_ID": false,
    "Face_Unlock": false,
    "HDMI": true,
    "GPU_Brand": "Intel",
    "GPU_Model": "Iris",
    "USB-C_Ports": "1",
    "USB-C_Display": false,
    "Thunderbolt_3": false,
    "Thunderbolt_4": false,
    "USB-C_Charging": true,
    "CPU_Brand": "Intel",
    "CPU_Model": "Core i5",
    "Core_Count": "10",
    "RAM_Max": "16",
    "RAM_Capacity": "16",
    "RAM_Type": "DDR4",
    "Ethernet": false,
    "3.5mm_Jack": true,
    "Refresh_Rate": "60",
    "Keyboard_Type": "Membrane",
    "Keyboard_Light": true,
    "Keyboard_SoftButtons": false,
    "UEFI": true,
    "Sensor": false,
    "Price": 184000
  },
  "Lenovo Yoga 7i 16 (2023)": {
    "Product_Brand": "Lenovo",
    "Release": "2023",
    "Screen_Size": "16",
    "RAM_Slots": 0,
    "Resolution": "2K",
    "Touch_Screen": true,
    "Touch_ID": false,
    "Face_Unlock": true,
    "HDMI": true,
    "GPU_Brand": "Intel",
    "GPU_Model": "Iris",
    "USB-C_Ports": "2",
    "USB-C_Display": false,
    "Thunderbolt_3": false,
    "Thunderbolt_4": false,
    "USB-C_Charging": true,
    "CPU_Brand": "Intel",
    "CPU_Model": "Core i5",
    "Core_Count": "12",
    "RAM_Max": "16",
    "RAM_Capacity": "16",
    "RAM_Type": "DDR5",
    "Ethernet": false,
    "3.5mm_Jack": true,
    "Refresh_Rate": "60",
    "Keyboard_Type": "Membrane",
    "Keyboard_Light": false,
    "Keyboard_SoftButtons": false,
    "UEFI": true,
    "Sensor": false,
    "Price": 202000
  },
  "HP Spectre x360 14 (2023)": {
    "Product_Brand": "HP",
    "Release": "2023",
    "Screen_Size": "14",
    "RAM_Slots": 0,
    "Resolution": "FULL HD",
    "Touch_Screen": true,
    "Touch_ID": false,
    "Face_Unlock": true,
    "HDMI": false,
    "GPU_Brand": "Intel",
    "GPU_Model": "Iris",
    "USB-C_Ports": "2",
    "USB-C_Display": false,
    "Thunderbolt_3": false,
    "Thunderbolt_4": false,
    "USB-C_Charging": true,
    "CPU_Brand": "Intel",
    "CPU_Model": "Core i5",
    "Core_Count": "10",
    "RAM_Max": "16",
    "RAM_Capacity": "16",
    "RAM_Type": "DDR4",
    "Ethernet": false,
    "3.5mm_Jack": true,
    "Refresh_Rate": "60",
    "Keyboard_Type": "Membrane",
    "Keyboard_Light": false,
    "Keyboard_SoftButtons": false,
    "UEFI": true,
    "Sensor": false,
    "Price": 63000
  },
  "MSI Modern 14 (2023)": {
    "Product_Brand": "MSI",
    "Release": "2023",
    "Screen_Size": "14",
    "RAM_Slots": 0,
    "Resolution": "FULL HD",
    "Touch_Screen": false,
    "Touch_ID": false,
    "Face_Unlock": false,
    "HDMI": true,
    "GPU_Brand": "Intel",
    "GPU_Model": "Iris",
    "USB-C_Ports": "1",
    "USB-C_Display": false,
    "Thunderbolt_3": false,
    "Thunderbolt_4": false,
    "USB-C_Charging": true,
    "CPU_Brand": "Intel",
    "CPU_Model": "Core i5",
    "Core_Count": "10",
    "RAM_Max": "16",
    "RAM_Capacity": "16",
    "RAM_Type": "DDR4",
    "Ethernet": false,
    "3.5mm_Jack": true,
    "Refresh_Rate": "60",
    "Keyboard_Type": "Membrane",
    "Keyboard_Light": false,
    "Keyboard_SoftButtons": false,
    "UEFI": true,
    "Sensor": false,
    "Price": 141000
  },
  "MSI Prestige 14 Evo (2023)": {
    "Product_Brand": "MSI",
    "Release": "2023",
    "Screen_Size": "14",
    "RAM_Slots": 0,
    "Resolution": "FULL HD",
    "Touch_Screen": false,
    "Touch_ID": false,
    "Face_Unlock": false,
    "HDMI": true,
    "GPU_Brand": "Intel",
    "GPU_Model": "Iris",
    "USB-C_Ports": "2",
    "USB-C_Display": false,
    "Thunderbolt_3": false,
    "Thunderbolt_4": false,
    "USB-C_Charging": true,
    "CPU_Brand": "Intel",
    "CPU_Model": "Core i7",
    "Core_Count": "14",
    "RAM_Max": "32",
    "RAM_Capacity": "32",
    "RAM_Type": "DDR5",
    "Ethernet": false,
    "3.5mm_Jack": true,
    "Refresh_Rate": "60",
    "Keyboard_Type": "Membrane",
    "Keyboard_Light": false,
    "Keyboard_SoftButtons": false,
    "UEFI": true,
    "Sensor": false,
    "Price": 57000
  },
  "Apple MacBook Air 13 (M1, 2020)": {
    "Product_Brand": "Apple",
    "Release": "2020",
    "Screen_Size": "13",
    "RAM_Slots": 0,
    "Resolution": "2K",
    "Touch_Screen": false,
    "Touch_ID": false,
    "Face_Unlock": false,
    "HDMI": false,
    "GPU_Brand": "Apple",
    "GPU_Model": "M1",
    "USB-C_Ports": "2",
    "USB-C_Display": true,
    "Thunderbolt_3": true,
    "Thunderbolt_4": true,
    "USB-C_Charging": true,
    "CPU_Brand": "Apple",
    "CPU_Model": "M1",
    "Core_Count": "8",
    "RAM_Max": "8",
    "RAM_Capacity": "8",
    "RAM_Type": "DDR4",
    "Ethernet": false,
    "3.5mm_Jack": true,
    "Refresh_Rate": "60",
    "Keyboard_Type": "Scissor",
    "Keyboard_Light": true,
    "Keyboard_SoftButtons": true,
    "UEFI": true,
    "Sensor": false,
    "Price": 56000
  },
  "Apple MacBook Pro 16 (2021)": {
    "Product_Brand": "Apple",
    "Release": "2021",
    "Screen_Size": "16",
    "RAM_Slots": 0,
    "Resolution": "4K",
    "Touch_Screen": false,
    "Touch_ID": false,
    "Face_Unlock": false,
    "HDMI": true,
    "GPU_Brand": "Apple",
    "GPU_Model": "M1 Max",
    "USB-C_Ports": "3",
    "USB-C_Display": true,
    "Thunderbolt_3": true,
    "Thunderbolt_4": true,
    "USB-C_Charging": true,
    "CPU_Brand": "Apple",
    "CPU_Model": "M1 Max",
    "Core_Count": "10",
    "RAM_Max": "32",
    "RAM_Capacity": "32",
    "RAM_Type": "DDR5",
    "Ethernet": false,
    "3.5mm_Jack": true,
    "Refresh_Rate": "120",
    "Keyboard_Type": "Scissor",
    "Keyboard_Light": true,
    "Keyboard_SoftButtons": true,
    "UEFI": true,
    "Sensor": false,
    "Price": 110000
  },
  "Apple MacBook Pro 14 (2021)": {
    "Product_Brand": "Apple",
    "Release": "2021",
    "Screen_Size": "14",
    "RAM_Slots": 0,
    "Resolution": "4K",
    "Touch_Screen": false,
    "Touch_ID": false,
    "Face_Unlock": false,
    "HDMI": true,
    "GPU_Brand": "Apple",
    "GPU_Model": "M1 Pro",
    "USB-C_Ports": "3",
    "USB-C_Display": true,
    "Thunderbolt_3": true,
    "Thunderbolt_4": true,
    "USB-C_Charging": true,
    "CPU_Brand": "Apple",
    "CPU_Model": "M1 Pro",
    "Core_Count": "8",
    "RAM_Max": "16",
    "RAM_Capacity": "16",
    "RAM_Type": "DDR5",
    "Ethernet": false,
    "3.5mm_Jack": true,
    "Refresh_Rate": "120",
    "Keyboard_Type": "Scissor",
    "Keyboard_Light": true,
    "Keyboard_SoftButtons": true,
    "UEFI": true,
    "Sensor": false,
    "Price": 120000
  },
  "Apple MacBook Air 13 (2022)": {
    "Product_Brand": "Apple",
    "Release": "2022",
    "Screen_Size": "13",
    "RAM_Slots": 0,
    "Resolution": "2K",
    "Touch_Screen": false,
    "Touch_ID": false,
    "Face_Unlock": false,
    "HDMI": false,
    "GPU_Brand": "Apple",
    "GPU_Model": "M2",
    "USB-C_Ports": "2",
    "USB-C_Display": true,
    "Thunderbolt_3": true,
    "Thunderbolt_4": true,
    "USB-C_Charging": true,
    "CPU_Brand": "Apple",
    "CPU_Model": "M2",
    "Core_Count": "8",
    "RAM_Max": "8",
    "RAM_Capacity": "8",
    "RAM_Type": "DDR5",
    "Ethernet": false,
    "3.5mm_Jack": true,
    "Refresh_Rate": "60",
    "Keyboard_Type": "Scissor",
    "Keyboard_Light": true,
    "Keyboard_SoftButtons": true,
    "UEFI": true,
    "Sensor": false,
    "Price": 136000
  },
  "Apple MacBook Air 15 (2023)": {
    "Product_Brand": "Apple",
    "Release": "2023",
    "Screen_Size": "15",
    "RAM_Slots": 0,
    "Resolution": "2K",
    "Touch_Screen": false,
    "Touch_ID": false,
    "Face_Unlock": false,
    "HDMI": false,
    "GPU_Brand": "Apple",
    "GPU_Model": "M2",
    "USB-C_Ports": "2",
    "USB-C_Display": true,
    "Thunderbolt_3": true,
    "Thunderbolt_4": true,
    "USB-C_Charging": true,
    "CPU_Brand": "Apple",
    "CPU_Model": "M2",
    "Core_Count": "8",
    "RAM_Max": "8",
    "RAM_Capacity": "8",
    "RAM_Type": "DDR5",
    "Ethernet": false,
    "3.5mm_Jack": true,
    "Refresh_Rate": "60",
    "Keyboard_Type": "Scissor",
    "Keyboard_Light": true,
    "Keyboard_SoftButtons": true,
    "UEFI": true,
    "Sensor": false,
    "Price": 47000
  },
  "Apple MacBook Pro 14 (M2, 2023)": {
    "Product_Brand": "Apple",
    "Release": "2023",
    "Screen_Size": "14",
    "RAM_Slots": 0,
    "Resolution": "4K",
    "Touch_Screen": false,
    "Touch_ID": false,
    "Face_Unlock": false,
    "HDMI": true,
    "GPU_Brand": "Apple",
    "GPU_Model": "M2 Pro",
    "USB-C_Ports": "3",
    "USB-C_Display": true,
    "Thunderbolt_3": true,
    "Thunderbolt_4": true,
    "USB-C_Charging": true,
    "CPU_Brand": "Apple",
    "CPU_Model": "M2 Pro",
    "Core_Count": "10",
    "RAM_Max": "16",
    "RAM_Capacity": "16",
    "RAM_Type": "DDR5",
    "Ethernet": false,
    "3.5mm_Jack": true,
    "Refresh_Rate": "120",
    "Keyboard_Type": "Scissor",
    "Keyboard_Light": true,
    "Keyboard_SoftButtons": true,
    "UEFI": true,
    "Sensor": false,
    "Price": 48000
  },
  "Apple MacBook Pro 16 (M3, 2023)": {
    "Product_Brand": "Apple",
    "Release": "2023",
    "Screen_Size": "16",
    "RAM_Slots": 0,
    "Resolution": "4K",
    "Touch_Screen": false,
    "Touch_ID": false,
    "Face_Unlock": false,
    "HDMI": true,
    "GPU_Brand": "Apple",
    "GPU_Model": "M3 Max",
    "USB-C_Ports": "3",
    "USB-C_Display": true,
    "Thunderbolt_3": true,
    "Thunderbolt_4": true,
    "USB-C_Charging": true,
    "CPU_Brand": "Apple",
    "CPU_Model": "M3 Max",
    "Core_Count": "16",
    "RAM_Max": "48",
    "RAM_Capacity": "48",
    "RAM_Type": "DDR5",
    "Ethernet": false,
    "3.5mm_Jack": true,
    "Refresh_Rate": "120",
    "Keyboard_Type": "Scissor",
    "Keyboard_Light": true,
    "Keyboard_SoftButtons": true,
    "UEFI": true,
    "Sensor": false,
    "Price": 147000
  },
  "Apple MacBook Pro 14 (M3, 2023)": {
    "Product_Brand": "Apple",
    "Release": "2023",
    "Screen_Size": "14",
    "RAM_Slots": 0,
    "Resolution": "4K",
    "Touch_Screen": false,
    "Touch_ID": false,
    "Face_Unlock": false,
    "HDMI": true,
    "GPU_Brand": "Apple",
    "GPU_Model": "M3 Pro",
    "USB-C_Ports": "3",
    "USB-C_Display": true,
    "Thunderbolt_3": true,
    "Thunderbolt_4": true,
    "USB-C_Charging": true,
    "CPU_Brand": "Apple",
    "CPU_Model": "M3 Pro",
    "Core_Count": "11",
    "RAM_Max": "18",
    "RAM_Capacity": "18",
    "RAM_Type": "DDR5",
    "Ethernet": false,
    "3.5mm_Jack": true,
    "Refresh_Rate": "120",
    "Keyboard_Type": "Scissor",
    "Keyboard_Light": true,
    "Keyboard_SoftButtons": true,
    "UEFI": true,
    "Sensor": false,
    "Price": 108000
  },
  "Acer Chromebook Spin 311 (2021)": {
    "Product_Brand": "Acer",
    "Release": "2020",
    "Screen_Size": "11",
    "RAM_Slots": 0,
    "Resolution": "HD",
    "Touch_Screen": true,
    "Touch_ID": false,
    "Face_Unlock": false,
    "HDMI": false,
    "GPU_Brand": "ARM",
    "GPU_Model": "Mali-G72",
    "USB-C_Ports": "1",
    "USB-C_Display": false,
    "Thunderbolt_3": false,
    "Thunderbolt_4": false,
    "USB-C_Charging": true,
    "CPU_Brand": "MediaTek",
    "CPU_Model": "MT8183",
    "Core_Count": "8",
    "RAM_Max": "4",
    "RAM_Capacity": "4",
    "RAM_Type": "DDR4",
    "Ethernet": false,
    "3.5mm_Jack": true,
    "Refresh_Rate": "60",
    "Keyboard_Type": "Membrane",
    "Keyboard_Light": false,
    "Keyboard_SoftButtons": true,
    "UEFI": true,
    "Sensor": false,
    "Price": 155000
  },
  "Lenovo Chromebook Duet (2020)": {
    "Product_Brand": "Lenovo",
    "Release": "2020",
    "Screen_Size": "10",
    "RAM_Slots": 0,
    "Resolution": "FULL HD",
    "Touch_Screen": true,
    "Touch_ID": false,
    "Face_Unlock": false,
    "HDMI": false,
    "GPU_Brand": "ARM",
    "GPU_Model": "Mali-G72",
    "USB-C_Ports": "1",
    "USB-C_Display": false,
    "Thunderbolt_3": false,
    "Thunderbolt_4": false,
    "USB-C_Charging": true,
    "CPU_Brand": "MediaTek",
    "CPU_Model": "Helio P60T",
    "Core_Count": "8",
    "RAM_Max": "4",
    "RAM_Capacity": "4",
    "RAM_Type": "DDR4",
    "Ethernet": false,
    "3.5mm_Jack": false,
    "Refresh_Rate": "60",
    "Keyboard_Type": "Membrane",
    "Keyboard_Light": false,
    "Keyboard_SoftButtons": true,
    "UEFI": true,
    "Sensor": false,
    "Price": 92000
  },
  "ASUS VivoBook 15 OLED K513 (2021)": {
    "Product_Brand": "ASUS",
    "Release": "2019",
    "Screen_Size": "15",
    "RAM_Slots": "1",
    "Resolution": "FULL HD",
    "Touch_Screen": false,
    "Touch_ID": false,
    "Face_Unlock": false,
    "HDMI": true,
    "GPU_Brand": "NVIDIA",
    "GPU_Model": "MX350",
    "USB-C_Ports": "1",
    "USB-C_Display": false,
    "Thunderbolt_3": false,
    "Thunderbolt_4": false,
    "USB-C_Charging": false,
    "CPU_Brand": "Intel",
    "CPU_Model": "Core i7",
    "Core_Count": "4",
    "RAM_Max": "16",
    "RAM_Capacity": "16",
    "RAM_Type": "DDR4",
    "Ethernet": false,
    "3.5mm_Jack": true,
    "Refresh_Rate": "60",
    "Keyboard_Type": "Membrane",
    "Keyboard_Light": false,
    "Keyboard_SoftButtons": true,
    "UEFI": true,
    "Sensor": false,
    "Price": 74000
  },
  "Acer Aspire 5 15 (2020)": {
    "Product_Brand": "Acer",
    "Release": "2020",
    "Screen_Size": "15",
    "RAM_Slots": "1",
    "Resolution": "FULL HD",
    "Touch_Screen": false,
    "Touch_ID": false,
    "Face_Unlock": false,
    "HDMI": true,
    "GPU_Brand": "NVIDIA",
    "GPU_Model": "MX350",
    "USB-C_Ports": "1",
    "USB-C_Display": false,
    "Thunderbolt_3": false,
    "Thunderbolt_4": false,
    "USB-C_Charging": false,
    "CPU_Brand": "Intel",
    "CPU_Model": "Core i5",
    "Core_Count": "4",
    "RAM_Max": "8",
    "RAM_Capacity": "8",
    "RAM_Type": "DDR4",
    "Ethernet": true,
    "3.5mm_Jack": true,
    "Refresh_Rate": "60",
    "Keyboard_Type": "Membrane",
    "Keyboard_Light": false,
    "Keyboard_SoftButtons": true,
    "UEFI": true,
    "Sensor": false,
    "Price": 116000
  },
  "HP ZBook Firefly 15 G8 (2021)": {
    "Product_Brand": "HP",
    "Release": "2020",
    "Screen_Size": "15",
    "RAM_Slots": "2",
    "Resolution": "FULL HD",
    "Touch_Screen": false,
    "Touch_ID": false,
    "Face_Unlock": true,
    "HDMI": true,
    "GPU_Brand": "NVIDIA",
    "GPU_Model": "Quadro",
    "USB-C_Ports": "2",
    "USB-C_Display": false,
    "Thunderbolt_3": false,
    "Thunderbolt_4": false,
    "USB-C_Charging": true,
    "CPU_Brand": "Intel",
    "CPU_Model": "Core i7",
    "Core_Count": "4",
    "RAM_Max": "32",
    "RAM_Capacity": "32",
    "RAM_Type": "DDR4",
    "Ethernet": false,
    "3.5mm_Jack": true,
    "Refresh_Rate": "60",
    "Keyboard_Type": "Membrane",
    "Keyboard_Light": true,
    "Keyboard_SoftButtons": true,
    "UEFI": true,
    "Sensor": false,
    "Price": 74000
  },
  "Lenovo ThinkPad P15 Gen 2 (2021)": {
    "Product_Brand": "Lenovo",
    "Release": "2020",
    "Screen_Size": "15",
    "RAM_Slots": "4",
    "Resolution": "FULL HD",
    "Touch_Screen": false,
    "Touch_ID": false,
    "Face_Unlock": false,
    "HDMI": true,
    "GPU_Brand": "NVIDIA",
    "GPU_Model": "Quadro",
    "USB-C_Ports": "3",
    "USB-C_Display": false,
    "Thunderbolt_3": false,
    "Thunderbolt_4": false,
    "USB-C_Charging": true,
    "CPU_Brand": "Intel",
    "CPU_Model": "Core i7",
    "Core_Count": "8",
    "RAM_Max": "64",
    "RAM_Capacity": "16",
    "RAM_Type": "DDR4",
    "Ethernet": true,
    "3.5mm_Jack": true,
    "Refresh_Rate": "60",
    "Keyboard_Type": "Membrane",
    "Keyboard_Light": false,
    "Keyboard_SoftButtons": true,
    "UEFI": true,
    "Sensor": false,
    "Price": 237000
  },
  "Dell Precision 5560 (2021)": {
    "Product_Brand": "Dell",
    "Release": "2021",
    "Screen_Size": "15",
    "RAM_Slots": "2",
    "Resolution": "FULL HD",
    "Touch_Screen": false,
    "Touch_ID": false,
    "Face_Unlock": true,
    "HDMI": false,
    "GPU_Brand": "NVIDIA",
    "GPU_Model": "Quadro",
    "USB-C_Ports": "3",
    "USB-C_Display": false,
    "Thunderbolt_3": false,
    "Thunderbolt_4": false,
    "USB-C_Charging": true,
    "CPU_Brand": "Intel",
    "CPU_Model": "Core i7",
    "Core_Count": "8",
    "RAM_Max": "32",
    "RAM_Capacity": "16",
    "RAM_Type": "DDR4",
    "Ethernet": false,
    "3.5mm_Jack": true,
    "Refresh_Rate": "60",
    "Keyboard_Type": "Membrane",
    "Keyboard_Light": false,
    "Keyboard_SoftButtons": true,
    "UEFI": true,
    "Sensor": false,
    "Price": 44000
  },
  "Lenovo IdeaPad Flex 5 14 (2020)": {
    "Product_Brand": "Lenovo",
    "Release": "2020",
    "Screen_Size": "14",
    "RAM_Slots": 0,
    "Resolution": "FULL HD",
    "Touch_Screen": true,
    "Touch_ID": false,
    "Face_Unlock": false,
    "HDMI": true,
    "GPU_Brand": "AMD",
    "GPU_Model": "Radeon",
    "USB-C_Ports": "1",
    "USB-C_Display": false,
    "Thunderbolt_3": false,
    "Thunderbolt_4": false,
    "USB-C_Charging": true,
    "CPU_Brand": "AMD",
    "CPU_Model": "Ryzen",
    "Core_Count": "6",
    "RAM_Max": "16",
    "RAM_Capacity": "16",
    "RAM_Type": "DDR4",
    "Ethernet": false,
    "3.5mm_Jack": true,
    "Refresh_Rate": "60",
    "Keyboard_Type": "Membrane",
    "Keyboard_Light": false,
    "Keyboard_SoftButtons": true,
    "UEFI": true,
    "Sensor": false,
    "Price": 71000
  },
  "ASUS Vivobook 16 M1605 (2023)": {
    "Product_Brand": "ASUS",
    "Release": "2023",
    "Screen_Size": "16",
    "RAM_Slots": "1",
    "Resolution": "FULL HD",
    "Touch_Screen": false,
    "Touch_ID": false,
    "Face_Unlock": false,
    "HDMI": true,
    "GPU_Brand": "AMD",
    "GPU_Model": "Radeon",
    "USB-C_Ports": "1",
    "USB-C_Display": false,
    "Thunderbolt_3": false,
    "Thunderbolt_4": false,
    "USB-C_Charging": true,
    "CPU_Brand": "AMD",
    "CPU_Model": "Ryzen",
    "Core_Count": "6",
    "RAM_Max": "8",
    "RAM_Capacity": "8",
    "RAM_Type": "DDR4",
    "Ethernet": false,
    "3.5mm_Jack": true,
    "Refresh_Rate": "60",
    "Keyboard_Type": "Membrane",
    "Keyboard_Light": false,
    "Keyboard_SoftButtons": true,
    "UEFI": true,
    "Sensor": false,
    "Price": 205000
  },
  "Dell Inspiron 16 2-in-1 (2023)": {
    "Product_Brand": "Dell",
    "Release": "2023",
    "Screen_Size": "16",
    "RAM_Slots": 0,
    "Resolution": "FULL HD",
    "Touch_Screen": true,
    "Touch_ID": false,
    "Face_Unlock": false,
    "HDMI": true,
    "GPU_Brand": "AMD",
    "GPU_Model": "Radeon",
    "USB-C_Ports": "2",
    "USB-C_Display": false,
    "Thunderbolt_3": false,
    "Thunderbolt_4": false,
    "USB-C_Charging": true,
    "CPU_Brand": "AMD",
    "CPU_Model": "Ryzen",
    "Core_Count": "6",
    "RAM_Max": "16",
    "RAM_Capacity": "16",
    "RAM_Type": "DDR4",
    "Ethernet": false,
    "3.5mm_Jack": true,
    "Refresh_Rate": "60",
    "Keyboard_Type": "Membrane",
    "Keyboard_Light": false,
    "Keyboard_SoftButtons": true,
    "UEFI": true,
    "Sensor": false,
    "Price": 55000
  },
  "HP ENVY x360 15 (2023)": {
    "Product_Brand": "HP",
    "Release": "2023",
    "Screen_Size": "15",
    "RAM_Slots": 0,
    "Resolution": "FULL HD",
    "Touch_Screen": true,
    "Touch_ID": true,
    "Face_Unlock": true,
    "HDMI": true,
    "GPU_Brand": "AMD",
    "GPU_Model": "Radeon",
    "USB-C_Ports": "2",
    "USB-C_Display": false,
    "Thunderbolt_3": false,
    "Thunderbolt_4": false,
    "USB-C_Charging": true,
    "CPU_Brand": "AMD",
    "CPU_Model": "Ryzen",
    "Core_Count": "8",
    "RAM_Max": "16",
    "RAM_Capacity": "16",
    "RAM_Type": "DDR4",
    "Ethernet": false,
    "3.5mm_Jack": true,
    "Refresh_Rate": "60",
    "Keyboard_Type": "Membrane",
    "Keyboard_Light": false,
    "Keyboard_SoftButtons": true,
    "UEFI": true,
    "Sensor": false,
    "Price": 70000
  },
  "Framework Laptop 13 (2023)": {
    "Product_Brand": "Framework",
    "Release": "2023",
    "Screen_Size": "13",
    "RAM_Slots": "2",
    "Resolution": "2K",
    "Touch_Screen": false,
    "Touch_ID": false,
    "Face_Unlock": false,
    "HDMI": true,
    "GPU_Brand": "AMD",
    "GPU_Model": "Radeon 780M",
    "USB-C_Ports": "2",
    "USB-C_Display": false,
    "Thunderbolt_3": false,
    "Thunderbolt_4": false,
    "USB-C_Charging": true,
    "CPU_Brand": "AMD",
    "CPU_Model": "Ryzen",
    "Core_Count": "8",
    "RAM_Max": "16",
    "RAM_Capacity": "16",
    "RAM_Type": "DDR5",
    "Ethernet": false,
    "3.5mm_Jack": true,
    "Refresh_Rate": "60",
    "Keyboard_Type": "Membrane",
    "Keyboard_Light": false,
    "Keyboard_SoftButtons": true,
    "UEFI": true,
    "Sensor": false,
    "Price": 196000
  },
  "Apple MacBook Pro 16 (2019)": {
    "Product_Brand": "Apple",
    "Release": "2019",
    "Screen_Size": "16",
    "RAM_Slots": 0,
    "Resolution": "4K",
    "Touch_Screen": false,
    "Touch_ID": false,
    "Face_Unlock": false,
    "HDMI": false,
    "GPU_Brand": "AMD",
    "GPU_Model": "Radeon Pro 5500M",
    "USB-C_Ports": "4",
    "USB-C_Display": false,
    "Thunderbolt_3": false,
    "Thunderbolt_4": false,
    "USB-C_Charging": true,
    "CPU_Brand": "Intel",
    "CPU_Model": "Core i9",
    "Core_Count": "8",
    "RAM_Max": "16",
    "RAM_Capacity": "16",
    "RAM_Type": "DDR4",
    "Ethernet": false,
    "3.5mm_Jack": true,
    "Refresh_Rate": "60",
    "Keyboard_Type": "Membrane",
    "Keyboard_Light": false,
    "Keyboard_SoftButtons": true,
    "UEFI": true,
    "Sensor": false,
    "Price": 108000
  },
  "ASUS ROG Zephyrus G14 (2022)": {
    "Product_Brand": "ASUS",
    "Release": "2020",
    "Screen_Size": "14",
    "RAM_Slots": "1",
    "Resolution": "2K",
    "Touch_Screen": false,
    "Touch_ID": true,
    "Face_Unlock": true,
    "HDMI": true,
    "GPU_Brand": "AMD",
    "GPU_Model": "Radeon RX 6700S",
    "USB-C_Ports": "2",
    "USB-C_Display": false,
    "Thunderbolt_3": false,
    "Thunderbolt_4": false,
    "USB-C_Charging": true,
    "CPU_Brand": "AMD",
    "CPU_Model": "Ryzen",
    "Core_Count": "8",
    "RAM_Max": "16",
    "RAM_Capacity": "16",
    "RAM_Type": "DDR5",
    "Ethernet": false,
    "3.5mm_Jack": true,
    "Refresh_Rate": "120",
    "Keyboard_Type": "Membrane",
    "Keyboard_Light": false,
    "Keyboard_SoftButtons": true,
    "UEFI": true,
    "Sensor": false,
    "Price": 64000
  },
  "Dell Alienware m16 R1 (2023)": {
    "Product_Brand": "Dell",
    "Release": "2023",
    "Screen_Size": "16",
    "RAM_Slots": "2",
    "Resolution": "2K",
    "Touch_Screen": false,
    "Touch_ID": false,
    "Face_Unlock": true,
    "HDMI": true,
    "GPU_Brand": "AMD",
    "GPU_Model": "Radeon RX 7600M XT",
    "USB-C_Ports": "2",
    "USB-C_Display": false,
    "Thunderbolt_3": false,
    "Thunderbolt_4": false,
    "USB-C_Charging": true,
    "CPU_Brand": "AMD",
    "CPU_Model": "Ryzen",
    "Core_Count": "12",
    "RAM_Max": "32",
    "RAM_Capacity": "32",
    "RAM_Type": "DDR5",
    "Ethernet": true,
    "3.5mm_Jack": true,
    "Refresh_Rate": "240",
    "Keyboard_Type": "Membrane",
    "Keyboard_Light": false,
    "Keyboard_SoftButtons": true,
    "UEFI": true,
    "Sensor": false,
    "Price": 159000
  },
  "ASUS TUF Gaming A16 Advantage Edition (2023)": {
    "Product_Brand": "ASUS",
    "Release": "2023",
    "Screen_Size": "16",
    "RAM_Slots": "2",
    "Resolution": "FULL HD",
    "Touch_Screen": false,
    "Touch_ID": false,
    "Face_Unlock": false,
    "HDMI": true,
    "GPU_Brand": "AMD",
    "GPU_Model": "Radeon RX 7600S",
    "USB-C_Ports": "2",
    "USB-C_Display": false,
    "Thunderbolt_3": false,
    "Thunderbolt_4": false,
    "USB-C_Charging": true,
    "CPU_Brand": "AMD",
    "CPU_Model": "Ryzen",
    "Core_Count": "8",
    "RAM_Max": "16",
    "RAM_Capacity": "16",
    "RAM_Type": "DDR5",
    "Ethernet": true,
    "3.5mm_Jack": true,
    "Refresh_Rate": "165",
    "Keyboard_Type": "Membrane",
    "Keyboard_Light": false,
    "Keyboard_SoftButtons": true,
    "UEFI": true,
    "Sensor": false,
    "Price": 104000
  },
  "Lenovo IdeaPad 3 15 (2021)": {
    "Product_Brand": "Lenovo",
    "Release": "2020",
    "Screen_Size": "15",
    "RAM_Slots": "1",
    "Resolution": "FULL HD",
    "Touch_Screen": true,
    "Touch_ID": false,
    "Face_Unlock": false,
    "HDMI": true,
    "GPU_Brand": "AMD",
    "GPU_Model": "Radeon RX Vega 6",
    "USB-C_Ports": "1",
    "USB-C_Display": false,
    "Thunderbolt_3": false,
    "Thunderbolt_4": false,
    "USB-C_Charging": false,
    "CPU_Brand": "AMD",
    "CPU_Model": "Ryzen",
    "Core_Count": "4",
    "RAM_Max": "8",
    "RAM_Capacity": "8",
    "RAM_Type": "DDR4",
    "Ethernet": false,
    "3.5mm_Jack": true,
    "Refresh_Rate": "60",
    "Keyboard_Type": "Membrane",
    "Keyboard_Light": false,
    "Keyboard_SoftButtons": true,
    "UEFI": true,
    "Sensor": false,
    "Price": 164000
  },
  "Microsoft Surface Laptop 3 15 (2019)": {
    "Product_Brand": "Microsoft",
    "Release": "2019",
    "Screen_Size": "15",
    "RAM_Slots": 0,
    "Resolution": "2K",
    "Touch_Screen": true,
    "Touch_ID": false,
    "Face_Unlock": true,
    "HDMI": false,
    "GPU_Brand": "AMD",
    "GPU_Model": "Radeon Vega 9",
    "USB-C_Ports": "1",
    "USB-C_Display": false,
    "Thunderbolt_3": false,
    "Thunderbolt_4": false,
    "USB-C_Charging": true,
    "CPU_Brand": "AMD",
    "CPU_Model": "Ryzen",
    "Core_Count": "4",
    "RAM_Max": "8",
    "RAM_Capacity": "8",
    "RAM_Type": "DDR4",
    "Ethernet": false,
    "3.5mm_Jack": true,
    "Refresh_Rate": "60",
    "Keyboard_Type": "Membrane",
    "Keyboard_Light": false,
    "Keyboard_SoftButtons": true,
    "UEFI": true,
    "Sensor": false,
    "Price": 5000
  },
  "HP Pavilion Plus 14 (2023)": {
    "Product_Brand": "HP",
    "Release": "2022",
    "Screen_Size": "14",
    "RAM_Slots": 0,
    "Resolution": "2K",
    "Touch_Screen": false,
    "Touch_ID": false,
    "Face_Unlock": false,
    "HDMI": true,
    "GPU_Brand": "NVIDIA",
    "GPU_Model": "RTX 2050",
    "USB-C_Ports": "2",
    "USB-C_Display": true,
    "Thunderbolt_3": true,
    "Thunderbolt_4": true,
    "USB-C_Charging": true,
    "CPU_Brand": "Intel",
    "CPU_Model": "Core i7",
    "Core_Count": "10",
    "RAM_Max": "16",
    "RAM_Capacity": "16",
    "RAM_Type": "DDR4",
    "Ethernet": false,
    "3.5mm_Jack": true,
    "Refresh_Rate": "90",
    "Keyboard_Type": "Membrane",
    "Keyboard_Light": false,
    "Keyboard_SoftButtons": true,
    "UEFI": true,
    "Sensor": false,
    "Price": 234000
  },
  "Dell Alienware m15 R3 (2020)": {
    "Product_Brand": "Dell",
    "Release": "2020",
    "Screen_Size": "15",
    "RAM_Slots": 0,
    "Resolution": "FULL HD",
    "Touch_Screen": false,
    "Touch_ID": false,
    "Face_Unlock": false,
    "HDMI": true,
    "GPU_Brand": "NVIDIA",
    "GPU_Model": "RTX 2080 SUPER",
    "USB-C_Ports": "1",
    "USB-C_Display": true,
    "Thunderbolt_3": true,
    "Thunderbolt_4": true,
    "USB-C_Charging": true,
    "CPU_Brand": "Intel",
    "CPU_Model": "Core i7",
    "Core_Count": "6",
    "RAM_Max": "32",
    "RAM_Capacity": "32",
    "RAM_Type": "DDR4",
    "Ethernet": true,
    "3.5mm_Jack": true,
    "Refresh_Rate": "300",
    "Keyboard_Type": "Mechanical",
    "Keyboard_Light": true,
    "Keyboard_SoftButtons": true,
    "UEFI": true,
    "Sensor": false,
    "Price": 123000
  },
  "Lenovo IdeaPad Gaming 3 (2021)": {
    "Product_Brand": "Lenovo",
    "Release": "2020",
    "Screen_Size": "15",
    "RAM_Slots": "2",
    "Resolution": "FULL HD",
    "Touch_Screen": false,
    "Touch_ID": false,
    "Face_Unlock": false,
    "HDMI": true,
    "GPU_Brand": "NVIDIA",
    "GPU_Model": "RTX 3050",
    "USB-C_Ports": "1",
    "USB-C_Display": true,
    "Thunderbolt_3": true,
    "Thunderbolt_4": true,
    "USB-C_Charging": false,
    "CPU_Brand": "AMD",
    "CPU_Model": "Ryzen",
    "Core_Count": "8",
    "RAM_Max": "8",
    "RAM_Capacity": "8",
    "RAM_Type": "DDR4",
    "Ethernet": true,
    "3.5mm_Jack": true,
    "Refresh_Rate": "120",
    "Keyboard_Type": "Mechanical",
    "Keyboard_Light": true,
    "Keyboard_SoftButtons": true,
    "UEFI": true,
    "Sensor": false,
    "Price": 41000
  },
  "Lenovo Legion 5 Gen 6 15 (2021)": {
    "Product_Brand": "Lenovo",
    "Release": "2020",
    "Screen_Size": "15",
    "RAM_Slots": "2",
    "Resolution": "FULL HD",
    "Touch_Screen": false,
    "Touch_ID": false,
    "Face_Unlock": false,
    "HDMI": true,
    "GPU_Brand": "NVIDIA",
    "GPU_Model": "RTX 3050",
    "USB-C_Ports": "2",
    "USB-C_Display": true,
    "Thunderbolt_3": true,
    "Thunderbolt_4": true,
    "USB-C_Charging": true,
    "CPU_Brand": "AMD",
    "CPU_Model": "Ryzen",
    "Core_Count": "6",
    "RAM_Max": "8",
    "RAM_Capacity": "8",
    "RAM_Type": "DDR4",
    "Ethernet": true,
    "3.5mm_Jack": true,
    "Refresh_Rate": "120",
    "Keyboard_Type": "Mechanical",
    "Keyboard_Light": true,
    "Keyboard_SoftButtons": true,
    "UEFI": true,
    "Sensor": false,
    "Price": 231000
  },
  "ASUS TUF Dash F15 (2022)": {
    "Product_Brand": "ASUS",
    "Release": "2021",
    "Screen_Size": "15",
    "RAM_Slots": "2",
    "Resolution": "FULL HD",
    "Touch_Screen": false,
    "Touch_ID": false,
    "Face_Unlock": false,
    "HDMI": true,
    "GPU_Brand": "NVIDIA",
    "GPU_Model": "RTX 3050",
    "USB-C_Ports": "2",
    "USB-C_Display": true,
    "Thunderbolt_3": true,
    "Thunderbolt_4": true,
    "USB-C_Charging": true,
    "CPU_Brand": "Intel",
    "CPU_Model": "Core i5",
    "Core_Count": "8",
    "RAM_Max": "16",
    "RAM_Capacity": "16",
    "RAM_Type": "DDR5",
    "Ethernet": true,
    "3.5mm_Jack": true,
    "Refresh_Rate": "144",
    "Keyboard_Type": "Mechanical",
    "Keyboard_Light": true,
    "Keyboard_SoftButtons": true,
    "UEFI": true,
    "Sensor": false,
    "Price": 75000
  },
  "Dell G15 (2022)": {
    "Product_Brand": "Dell",
    "Release": "2021",
    "Screen_Size": "15",
    "RAM_Slots": "2",
    "Resolution": "FULL HD",
    "Touch_Screen": false,
    "Touch_ID": false,
    "Face_Unlock": false,
    "HDMI": true,
    "GPU_Brand": "NVIDIA",
    "GPU_Model": "RTX 3050",
    "USB-C_Ports": "1",
    "USB-C_Display": true,
    "Thunderbolt_3": true,
    "Thunderbolt_4": true,
    "USB-C_Charging": false,
    "CPU_Brand": "Intel",
    "CPU_Model": "Core i5",
    "Core_Count": "12",
    "RAM_Max": "8",
    "RAM_Capacity": "8",
    "RAM_Type": "DDR5",
    "Ethernet": true,
    "3.5mm_Jack": true,
    "Refresh_Rate": "120",
    "Keyboard_Type": "Mechanical",
    "Keyboard_Light": true,
    "Keyboard_SoftButtons": true,
    "UEFI": true,
    "Sensor": false,
    "Price": 264000
  },
  "HP Victus 16 (2021)": {
    "Product_Brand": "HP",
    "Release": "2021",
    "Screen_Size": "16",
    "RAM_Slots": "2",
    "Resolution": "FULL HD",
    "Touch_Screen": false,
    "Touch_ID": false,
    "Face_Unlock": false,
    "HDMI": true,
    "GPU_Brand": "NVIDIA",
    "GPU_Model": "RTX 3050",
    "USB-C_Ports": "1",
    "USB-C_Display": true,
    "Thunderbolt_3": true,
    "Thunderbolt_4": true,
    "USB-C_Charging": false,
    "CPU_Brand": "Intel",
    "CPU_Model": "Core i5",
    "Core_Count": "6",
    "RAM_Max": "16",
    "RAM_Capacity": "16",
    "RAM_Type": "DDR4",
    "Ethernet": true,
    "3.5mm_Jack": true,
    "Refresh_Rate": "144",
    "Keyboard_Type": "Mechanical",
    "Keyboard_Light": true,
    "Keyboard_SoftButtons": true,
    "UEFI": true,
    "Sensor": false,
    "Price": 162000
  },
  "HP Victus 15 (2022)": {
    "Product_Brand": "HP",
    "Release": "2022",
    "Screen_Size": "15",
    "RAM_Slots": "2",
    "Resolution": "FULL HD",
    "Touch_Screen": false,
    "Touch_ID": false,
    "Face_Unlock": false,
    "HDMI": true,
    "GPU_Brand": "NVIDIA",
    "GPU_Model": "RTX 3050",
    "USB-C_Ports": "1",
    "USB-C_Display": true,
    "Thunderbolt_3": true,
    "Thunderbolt_4": true,
    "USB-C_Charging": false,
    "CPU_Brand": "Intel",
    "CPU_Model": "Core i5",
    "Core_Count": "12",
    "RAM_Max": "16",
    "RAM_Capacity": "16",
    "RAM_Type": "DDR4",
    "Ethernet": true,
    "3.5mm_Jack": true,
    "Refresh_Rate": "144",
    "Keyboard_Type": "Mechanical",
    "Keyboard_Light": true,
    "Keyboard_SoftButtons": true,
    "UEFI": true,
    "Sensor": false,
    "Price": 41000
  },
  "Lenovo Slim Pro 7 14 (2023)": {
    "Product_Brand": "Lenovo",
    "Release": "2023",
    "Screen_Size": "14",
    "RAM_Slots": 0,
    "Resolution": "2K",
    "Touch_Screen": true,
    "Touch_ID": false,
    "Face_Unlock": true,
    "HDMI": true,
    "GPU_Brand": "NVIDIA",
    "GPU_Model": "RTX 3050",
    "USB-C_Ports": "2",
    "USB-C_Display": true,
    "Thunderbolt_3": true,
    "Thunderbolt_4": true,
    "USB-C_Charging": true,
    "CPU_Brand": "AMD",
    "CPU_Model": "Ryzen",
    "Core_Count": "8",
    "RAM_Max": "16",
    "RAM_Capacity": "16",
    "RAM_Type": "DDR5",
    "Ethernet": false,
    "3.5mm_Jack": true,
    "Refresh_Rate": "90",
    "Keyboard_Type": "Mechanical",
    "Keyboard_Light": true,
    "Keyboard_SoftButtons": true,
    "UEFI": true,
    "Sensor": false,
    "Price": 255000
  },
  "Razer Blade 14 (2022)": {
    "Product_Brand": "Razer",
    "Release": "2021",
    "Screen_Size": "14",
    "RAM_Slots": 0,
    "Resolution": "2K",
    "Touch_Screen": false,
    "Touch_ID": true,
    "Face_Unlock": true,
    "HDMI": true,
    "GPU_Brand": "NVIDIA",
    "GPU_Model": "RTX 3070 Ti",
    "USB-C_Ports": "2",
    "USB-C_Display": true,
    "Thunderbolt_3": true,
    "Thunderbolt_4": true,
    "USB-C_Charging": true,
    "CPU_Brand": "AMD",
    "CPU_Model": "Ryzen",
    "Core_Count": "8",
    "RAM_Max": "16",
    "RAM_Capacity": "16",
    "RAM_Type": "DDR5",
    "Ethernet": false,
    "3.5mm_Jack": true,
    "Refresh_Rate": "165",
    "Keyboard_Type": "Mechanical",
    "Keyboard_Light": true,
    "Keyboard_SoftButtons": true,
    "UEFI": true,
    "Sensor": false,
    "Price": 164000
  },
  "MSI Raider GE67 HX (2022)": {
    "Product_Brand": "MSI",
    "Release": "2022",
    "Screen_Size": "15",
    "RAM_Slots": "2",
    "Resolution": "2K",
    "Touch_Screen": false,
    "Touch_ID": false,
    "Face_Unlock": false,
    "HDMI": true,
    "GPU_Brand": "NVIDIA",
    "GPU_Model": "RTX 3080 Ti",
    "USB-C_Ports": "2",
    "USB-C_Display": true,
    "Thunderbolt_3": true,
    "Thunderbolt_4": true,
    "USB-C_Charging": true,
    "CPU_Brand": "Intel",
    "CPU_Model": "Core i9",
    "Core_Count": "16",
    "RAM_Max": "32",
    "RAM_Capacity": "32",
    "RAM_Type": "DDR5",
    "Ethernet": true,
    "3.5mm_Jack": true,
    "Refresh_Rate": "240",
    "Keyboard_Type": "Mechanical",
    "Keyboard_Light": true,
    "Keyboard_SoftButtons": true,
    "UEFI": true,
    "Sensor": false,
    "Price": 78000
  },
  "Lenovo Legion Pro 5 Gen 8 16 (2023)": {
    "Product_Brand": "Lenovo",
    "Release": "2023",
    "Screen_Size": "16",
    "RAM_Slots": "2",
    "Resolution": "2K",
    "Touch_Screen": false,
    "Touch_ID": false,
    "Face_Unlock": false,
    "HDMI": true,
    "GPU_Brand": "NVIDIA",
    "GPU_Model": "RTX 4050",
    "USB-C_Ports": "2",
    "USB-C_Display": true,
    "Thunderbolt_3": true,
    "Thunderbolt_4": true,
    "USB-C_Charging": true,
    "CPU_Brand": "AMD",
    "CPU_Model": "Ryzen",
    "Core_Count": "6",
    "RAM_Max": "16",
    "RAM_Capacity": "16",
    "RAM_Type": "DDR5",
    "Ethernet": true,
    "3.5mm_Jack": true,
    "Refresh_Rate": "165",
    "Keyboard_Type": "Mechanical",
    "Keyboard_Light": true,
    "Keyboard_SoftButtons": true,
    "UEFI": true,
    "Sensor": false,
    "Price": 39000
  },
  "MSI Summit E16 Flip (2023)": {
    "Product_Brand": "MSI",
    "Release": "2023",
    "Screen_Size": "16",
    "RAM_Slots": 0,
    "Resolution": "2K",
    "Touch_Screen": true,
    "Touch_ID": true,
    "Face_Unlock": true,
    "HDMI": true,
    "GPU_Brand": "NVIDIA",
    "GPU_Model": "RTX 4060",
    "USB-C_Ports": "2",
    "USB-C_Display": true,
    "Thunderbolt_3": true,
    "Thunderbolt_4": true,
    "USB-C_Charging": true,
    "CPU_Brand": "Intel",
    "CPU_Model": "Core i7",
    "Core_Count": "12",
    "RAM_Max": "32",
    "RAM_Capacity": "32",
    "RAM_Type": "DDR5",
    "Ethernet": false,
    "3.5mm_Jack": true,
    "Refresh_Rate": "165",
    "Keyboard_Type": "Mechanical",
    "Keyboard_Light": true,
    "Keyboard_SoftButtons": true,
    "UEFI": true,
    "Sensor": false,
    "Price": 51000
  },
  "ASUS ROG Flow X13 (2023)": {
    "Product_Brand": "ASUS",
    "Release": "2023",
    "Screen_Size": "13",
    "RAM_Slots": 0,
    "Resolution": "2K",
    "Touch_Screen": true,
    "Touch_ID": false,
    "Face_Unlock": true,
    "HDMI": true,
    "GPU_Brand": "NVIDIA",
    "GPU_Model": "RTX 4070",
    "USB-C_Ports": "2",
    "USB-C_Display": true,
    "Thunderbolt_3": true,
    "Thunderbolt_4": true,
    "USB-C_Charging": true,
    "CPU_Brand": "AMD",
    "CPU_Model": "Ryzen",
    "Core_Count": "8",
    "RAM_Max": "32",
    "RAM_Capacity": "32",
    "RAM_Type": "DDR5",
    "Ethernet": false,
    "3.5mm_Jack": true,
    "Refresh_Rate": "165",
    "Keyboard_Type": "Mechanical",
    "Keyboard_Light": true,
    "Keyboard_SoftButtons": true,
    "UEFI": true,
    "Sensor": false,
    "Price": 22000
  },
  "Dell Alienware m18 (2023)": {
    "Product_Brand": "Dell",
    "Release": "2023",
    "Screen_Size": "18",
    "RAM_Slots": "2",
    "Resolution": "FULL HD",
    "Touch_Screen": false,
    "Touch_ID": false,
    "Face_Unlock": true,
    "HDMI": true,
    "GPU_Brand": "NVIDIA",
    "GPU_Model": "RTX 4080",
    "USB-C_Ports": "3",
    "USB-C_Display": true,
    "Thunderbolt_3": true,
    "Thunderbolt_4": true,
    "USB-C_Charging": true,
    "CPU_Brand": "AMD",
    "CPU_Model": "Ryzen",
    "Core_Count": "12",
    "RAM_Max": "32",
    "RAM_Capacity": "32",
    "RAM_Type": "DDR5",
    "Ethernet": true,
    "3.5mm_Jack": true,
    "Refresh_Rate": "480",
    "Keyboard_Type": "Mechanical",
    "Keyboard_Light": true,
    "Keyboard_SoftButtons": true,
    "UEFI": true,
    "Sensor": false,
    "Price": 202000
  },
  "Dell Precision 5570 (2022)": {
    "Product_Brand": "Dell",
    "Release": "2022",
    "Screen_Size": "15",
    "RAM_Slots": "2",
    "Resolution": "FULL HD",
    "Touch_Screen": false,
    "Touch_ID": true,
    "Face_Unlock": true,
    "HDMI": false,
    "GPU_Brand": "NVIDIA",
    "GPU_Model": "RTX A1000",
    "USB-C_Ports": "3",
    "USB-C_Display": false,
    "Thunderbolt_3": false,
    "Thunderbolt_4": false,
    "USB-C_Charging": true,
    "CPU_Brand": "Intel",
    "CPU_Model": "Core i7",
    "Core_Count": "14",
    "RAM_Max": "32",
    "RAM_Capacity": "32",
    "RAM_Type": "DDR5",
    "Ethernet": false,
    "3.5mm_Jack": true,
    "Refresh_Rate": "60",
    "Keyboard_Type": "Mechanical",
    "Keyboard_Light": true,
    "Keyboard_SoftButtons": true,
    "UEFI": true,
    "Sensor": false,
    "Price": 77000
  },
  "Dell Precision 3571 (2022)": {
    "Product_Brand": "Dell",
    "Release": "2022",
    "Screen_Size": "15",
    "RAM_Slots": "2",
    "Resolution": "FULL HD",
    "Touch_Screen": false,
    "Touch_ID": false,
    "Face_Unlock": false,
    "HDMI": true,
    "GPU_Brand": "NVIDIA",
    "GPU_Model": "RTX A1000",
    "USB-C_Ports": "2",
    "USB-C_Display": false,
    "Thunderbolt_3": false,
    "Thunderbolt_4": false,
    "USB-C_Charging": true,
    "CPU_Brand": "Intel",
    "CPU_Model": "Core i7",
    "Core_Count": "14",
    "RAM_Max": "32",
    "RAM_Capacity": "32",
    "RAM_Type": "DDR5",
    "Ethernet": true,
    "3.5mm_Jack": true,
    "Refresh_Rate": "60",
    "Keyboard_Type": "Mechanical",
    "Keyboard_Light": true,
    "Keyboard_SoftButtons": true,
    "UEFI": true,
    "Sensor": false,
    "Price": 144000
  },
  "Lenovo ThinkPad P1 Gen 4 (2021)": {
    "Product_Brand": "Lenovo",
    "Release": "2021",
    "Screen_Size": "16",
    "RAM_Slots": "2",
    "Resolution": "2K",
    "Touch_Screen": false,
    "Touch_ID": false,
    "Face_Unlock": true,
    "HDMI": true,
    "GPU_Brand": "NVIDIA",
    "GPU_Model": "RTX A2000",
    "USB-C_Ports": "2",
    "USB-C_Display": false,
    "Thunderbolt_3": true,
    "Thunderbolt_4": false,
    "USB-C_Charging": true,
    "CPU_Brand": "Intel",
    "CPU_Model": "Core i7",
    "Core_Count": "8",
    "RAM_Max": "32",
    "RAM_Capacity": "32",
    "RAM_Type": "DDR4",
    "Ethernet": false,
    "3.5mm_Jack": true,
    "Refresh_Rate": "60",
    "Keyboard_Type": "Mechanical",
    "Keyboard_Light": true,
    "Keyboard_SoftButtons": true,
    "UEFI": true,
    "Sensor": false,
    "Price": 144000
  },
  "MSI WS76 (2021)": {
    "Product_Brand": "MSI",
    "Release": "2021",
    "Screen_Size": "17",
    "RAM_Slots": 0,
    "Resolution": "4K",
    "Touch_Screen": false,
    "Touch_ID": true,
    "Face_Unlock": true,
    "HDMI": true,
    "GPU_Brand": "NVIDIA",
    "GPU_Model": "RTX A3000",
    "USB-C_Ports": "2",
    "USB-C_Display": true,
    "Thunderbolt_3": true,
    "Thunderbolt_4": false,
    "USB-C_Charging": true,
    "CPU_Brand": "Intel",
    "CPU_Model": "Core i9",
    "Core_Count": "8",
    "RAM_Max": "32",
    "RAM_Capacity": "32",
    "RAM_Type": "DDR4",
    "Ethernet": true,
    "3.5mm_Jack": true,
    "Refresh_Rate": "120",
    "Keyboard_Type": "Mechanical",
    "Keyboard_Light": true,
    "Keyboard_SoftButtons": true,
    "UEFI": true,
    "Sensor": false,
    "Price": 167000
  },
  "ASUS ProArt Studiobook Pro 16 OLED (2021)": {
    "Product_Brand": "ASUS",
    "Release": "2021",
    "Screen_Size": "16",
    "RAM_Slots": "2",
    "Resolution": "4K",
    "Touch_Screen": false,
    "Touch_ID": false,
    "Face_Unlock": true,
    "HDMI": true,
    "GPU_Brand": "NVIDIA",
    "GPU_Model": "RTX A3000",
    "USB-C_Ports": "2",
    "USB-C_Display": true,
    "Thunderbolt_3": true,
    "Thunderbolt_4": false,
    "USB-C_Charging": true,
    "CPU_Brand": "Intel",
    "CPU_Model": "Core i7",
    "Core_Count": "8",
    "RAM_Max": "64",
    "RAM_Capacity": "64",
    "RAM_Type": "DDR4",
    "Ethernet": true,
    "3.5mm_Jack": true,
    "Refresh_Rate": "60",
    "Keyboard_Type": "Mechanical",
    "Keyboard_Light": true,
    "Keyboard_SoftButtons": true,
    "UEFI": true,
    "Sensor": false,
    "Price": 114000
  },
  "Acer Chromebook 315 (2020)": {
    "Product_Brand": "Acer",
    "Release": "2019",
    "Screen_Size": "15",
    "RAM_Slots": 0,
    "Resolution": "FULL HD",
    "Touch_Screen": true,
    "Touch_ID": false,
    "Face_Unlock": false,
    "HDMI": false,
    "GPU_Brand": "Intel",
    "GPU_Model": "UHD",
    "USB-C_Ports": "2",
    "USB-C_Display": false,
    "Thunderbolt_3": false,
    "Thunderbolt_4": false,
    "USB-C_Charging": true,
    "CPU_Brand": "Intel",
    "CPU_Model": "Celeron",
    "Core_Count": "2",
    "RAM_Max": "4",
    "RAM_Capacity": "4",
    "RAM_Type": "DDR4",
    "Ethernet": false,
    "3.5mm_Jack": true,
    "Refresh_Rate": "60",
    "Keyboard_Type": "Membrane",
    "Keyboard_Light": false,
    "Keyboard_SoftButtons": true,
    "UEFI": true,
    "Sensor": false,
    "Price": 149000
  },
  "Lenovo Chromebook C340 15 (2020)": {
    "Product_Brand": "Lenovo",
    "Release": "2019",
    "Screen_Size": "15",
    "RAM_Slots": 0,
    "Resolution": "FULL HD",
    "Touch_Screen": true,
    "Touch_ID": false,
    "Face_Unlock": false,
    "HDMI": false,
    "GPU_Brand": "Intel",
    "GPU_Model": "UHD",
    "USB-C_Ports": "2",
    "USB-C_Display": false,
    "Thunderbolt_3": false,
    "Thunderbolt_4": false,
    "USB-C_Charging": true,
    "CPU_Brand": "Intel",
    "CPU_Model": "Core i3",
    "Core_Count": "2",
    "RAM_Max": "4",
    "RAM_Capacity": "4",
    "RAM_Type": "DDR4",
    "Ethernet": false,
    "3.5mm_Jack": true,
    "Refresh_Rate": "60",
    "Keyboard_Type": "Membrane",
    "Keyboard_Light": false,
    "Keyboard_SoftButtons": true,
    "UEFI": true,
    "Sensor": false,
    "Price": 173000
  },
  "HP Pavilion x360 14 (2021)": {
    "Product_Brand": "HP",
    "Release": "2019",
    "Screen_Size": "14",
    "RAM_Slots": 0,
    "Resolution": "FULL HD",
    "Touch_Screen": true,
    "Touch_ID": false,
    "Face_Unlock": false,
    "HDMI": true,
    "GPU_Brand": "Intel",
    "GPU_Model": "UHD",
    "USB-C_Ports": "1",
    "USB-C_Display": false,
    "Thunderbolt_3": false,
    "Thunderbolt_4": false,
    "USB-C_Charging": true,
    "CPU_Brand": "Intel",
    "CPU_Model": "Core i3",
    "Core_Count": "4",
    "RAM_Max": "8",
    "RAM_Capacity": "8",
    "RAM_Type": "DDR4",
    "Ethernet": false,
    "3.5mm_Jack": true,
    "Refresh_Rate": "60",
    "Keyboard_Type": "Membrane",
    "Keyboard_Light": false,
    "Keyboard_SoftButtons": true,
    "UEFI": true,
    "Sensor": false,
    "Price": 55000
  },
  "Dell Inspiron 15 3000 (2020)": {
    "Product_Brand": "Dell",
    "Release": "2019",
    "Screen_Size": "15",
    "RAM_Slots": "2",
    "Resolution": "FULL HD",
    "Touch_Screen": true,
    "Touch_ID": false,
    "Face_Unlock": false,
    "HDMI": true,
    "GPU_Brand": "Intel",
    "GPU_Model": "UHD",
    "USB-C_Ports": "0",
    "USB-C_Display": false,
    "Thunderbolt_3": false,
    "Thunderbolt_4": false,
    "USB-C_Charging": false,
    "CPU_Brand": "Intel",
    "CPU_Model": "Core i3",
    "Core_Count": "2",
    "RAM_Max": "8",
    "RAM_Capacity": "8",
    "RAM_Type": "DDR4",
    "Ethernet": true,
    "3.5mm_Jack": true,
    "Refresh_Rate": "60",
    "Keyboard_Type": "Membrane",
    "Keyboard_Light": false,
    "Keyboard_SoftButtons": true,
    "UEFI": true,
    "Sensor": false,
    "Price": 146000
  },
  "Dell XPS 13 (2021)": {
    "Product_Brand": "Dell",
    "Release": "2019",
    "Screen_Size": "13",
    "RAM_Slots": 0,
    "Resolution": "FULL HD",
    "Touch_Screen": true,
    "Touch_ID": false,
    "Face_Unlock": true,
    "HDMI": false,
    "GPU_Brand": "Intel",
    "GPU_Model": "UHD",
    "USB-C_Ports": "2",
    "USB-C_Display": false,
    "Thunderbolt_3": false,
    "Thunderbolt_4": false,
    "USB-C_Charging": true,
    "CPU_Brand": "Intel",
    "CPU_Model": "Core i3",
    "Core_Count": "2",
    "RAM_Max": "8",
    "RAM_Capacity": "8",
    "RAM_Type": "DDR4",
    "Ethernet": false,
    "3.5mm_Jack": true,
    "Refresh_Rate": "60",
    "Keyboard_Type": "Membrane",
    "Keyboard_Light": false,
    "Keyboard_SoftButtons": true,
    "UEFI": true,
    "Sensor": false,
    "Price": 105000
  },
  "ASUS VivoBook Flip 14 (2020)": {
    "Product_Brand": "ASUS",
    "Release": "2019",
    "Screen_Size": "14",
    "RAM_Slots": 0,
    "Resolution": "HD",
    "Touch_Screen": true,
    "Touch_ID": false,
    "Face_Unlock": false,
    "HDMI": false,
    "GPU_Brand": "Intel",
    "GPU_Model": "UHD",
    "USB-C_Ports": "1",
    "USB-C_Display": false,
    "Thunderbolt_3": false,
    "Thunderbolt_4": false,
    "USB-C_Charging": false,
    "CPU_Brand": "Intel",
    "CPU_Model": "Pentium",
    "Core_Count": "4",
    "RAM_Max": "4",
    "RAM_Capacity": "4",
    "RAM_Type": "DDR4",
    "Ethernet": false,
    "3.5mm_Jack": true,
    "Refresh_Rate": "60",
    "Keyboard_Type": "Membrane",
    "Keyboard_Light": false,
    "Keyboard_SoftButtons": true,
    "UEFI": true,
    "Sensor": false,
    "Price": 67000
  },
  "HP Pavilion x360 11 (2021)": {
    "Product_Brand": "HP",
    "Release": "2019",
    "Screen_Size": "11",
    "RAM_Slots": 0,
    "Resolution": "HD",
    "Touch_Screen": true,
    "Touch_ID": false,
    "Face_Unlock": false,
    "HDMI": true,
    "GPU_Brand": "Intel",
    "GPU_Model": "UHD",
    "USB-C_Ports": "1",
    "USB-C_Display": false,
    "Thunderbolt_3": false,
    "Thunderbolt_4": false,
    "USB-C_Charging": false,
    "CPU_Brand": "Intel",
    "CPU_Model": "Pentium",
    "Core_Count": "4",
    "RAM_Max": "4",
    "RAM_Capacity": "4",
    "RAM_Type": "DDR4",
    "Ethernet": false,
    "3.5mm_Jack": true,
    "Refresh_Rate": "60",
    "Keyboard_Type": "Membrane",
    "Keyboard_Light": false,
    "Keyboard_SoftButtons": true,
    "UEFI": true,
    "Sensor": false,
    "Price": 239000
  },
  "HP Stream 11 (2021)": {
    "Product_Brand": "HP",
    "Release": "2019",
    "Screen_Size": "11",
    "RAM_Slots": 0,
    "Resolution": "HD",
    "Touch_Screen": false,
    "Touch_ID": false,
    "Face_Unlock": false,
    "HDMI": true,
    "GPU_Brand": "Intel",
    "GPU_Model": "UHD",
    "USB-C_Ports": "1",
    "USB-C_Display": false,
    "Thunderbolt_3": false,
    "Thunderbolt_4": false,
    "USB-C_Charging": false,
    "CPU_Brand": "Intel",
    "CPU_Model": "Celeron",
    "Core_Count": "2",
    "RAM_Max": "4",
    "RAM_Capacity": "4",
    "RAM_Type": "DDR4",
    "Ethernet": false,
    "3.5mm_Jack": true,
    "Refresh_Rate": "60",
    "Keyboard_Type": "Membrane",
    "Keyboard_Light": false,
    "Keyboard_SoftButtons": true,
    "UEFI": true,
    "Sensor": false,
    "Price": 182000
  },
  "Samsung Chromebook 4 (2019)": {
    "Product_Brand": "Samsung",
    "Release": "2019",
    "Screen_Size": "11",
    "RAM_Slots": 0,
    "Resolution": "HD",
    "Touch_Screen": false,
    "Touch_ID": false,
    "Face_Unlock": false,
    "HDMI": false,
    "GPU_Brand": "Intel",
    "GPU_Model": "UHD",
    "USB-C_Ports": "1",
    "USB-C_Display": false,
    "Thunderbolt_3": false,
    "Thunderbolt_4": false,
    "USB-C_Charging": true,
    "CPU_Brand": "Intel",
    "CPU_Model": "Celeron",
    "Core_Count": "2",
    "RAM_Max": "6",
    "RAM_Capacity": "6",
    "RAM_Type": "DDR4",
    "Ethernet": false,
    "3.5mm_Jack": true,
    "Refresh_Rate": "60",
    "Keyboard_Type": "Membrane",
    "Keyboard_Light": false,
    "Keyboard_SoftButtons": true,
    "UEFI": true,
    "Sensor": false,
    "Price": 17000
  },
  "Google Pixelbook Go (2019)": {
    "Product_Brand": "Google",
    "Release": "2019",
    "Screen_Size": "13",
    "RAM_Slots": 0,
    "Resolution": "FULL HD",
    "Touch_Screen": true,
    "Touch_ID": false,
    "Face_Unlock": false,
    "HDMI": false,
    "GPU_Brand": "Intel",
    "GPU_Model": "UHD",
    "USB-C_Ports": "2",
    "USB-C_Display": false,
    "Thunderbolt_3": false,
    "Thunderbolt_4": false,
    "USB-C_Charging": true,
    "CPU_Brand": "Intel",
    "CPU_Model": "Core m3",
    "Core_Count": "2",
    "RAM_Max": "8",
    "RAM_Capacity": "8",
    "RAM_Type": "DDR3",
    "Ethernet": false,
    "3.5mm_Jack": true,
    "Refresh_Rate": "60",
    "Keyboard_Type": "Membrane",
    "Keyboard_Light": false,
    "Keyboard_SoftButtons": true,
    "UEFI": true,
    "Sensor": false,
    "Price": 163000
  },
  "HP Chromebook 14 (2021)": {
    "Product_Brand": "HP",
    "Release": "2020",
    "Screen_Size": "14",
    "RAM_Slots": 0,
    "Resolution": "HD",
    "Touch_Screen": false,
    "Touch_ID": false,
    "Face_Unlock": false,
    "HDMI": false,
    "GPU_Brand": "Intel",
    "GPU_Model": "UHD",
    "USB-C_Ports": "2",
    "USB-C_Display": false,
    "Thunderbolt_3": false,
    "Thunderbolt_4": false,
    "USB-C_Charging": true,
    "CPU_Brand": "Intel",
    "CPU_Model": "Celeron",
    "Core_Count": "2",
    "RAM_Max": "4",
    "RAM_Capacity": "4",
    "RAM_Type": "DDR4",
    "Ethernet": false,
    "3.5mm_Jack": true,
    "Refresh_Rate": "60",
    "Keyboard_Type": "Membrane",
    "Keyboard_Light": false,
    "Keyboard_SoftButtons": true,
    "UEFI": true,
    "Sensor": false,
    "Price": 127000
  },
  "Lenovo Chromebook Flex 5 (2020)": {
    "Product_Brand": "Lenovo",
    "Release": "2020",
    "Screen_Size": "13",
    "RAM_Slots": 0,
    "Resolution": "FULL HD",
    "Touch_Screen": true,
    "Touch_ID": false,
    "Face_Unlock": false,
    "HDMI": false,
    "GPU_Brand": "Intel",
    "GPU_Model": "UHD",
    "USB-C_Ports": "2",
    "USB-C_Display": false,
    "Thunderbolt_3": false,
    "Thunderbolt_4": false,
    "USB-C_Charging": true,
    "CPU_Brand": "Intel",
    "CPU_Model": "Celeron",
    "Core_Count": "2",
    "RAM_Max": "4",
    "RAM_Capacity": "4",
    "RAM_Type": "DDR4",
    "Ethernet": false,
    "3.5mm_Jack": true,
    "Refresh_Rate": "60",
    "Keyboard_Type": "Membrane",
    "Keyboard_Light": false,
    "Keyboard_SoftButtons": true,
    "UEFI": true,
    "Sensor": false,
    "Price": 102000
  },
  "HP Chromebook x360 14 (2021)": {
    "Product_Brand": "HP",
    "Release": "2020",
    "Screen_Size": "14",
    "RAM_Slots": 0,
    "Resolution": "HD",
    "Touch_Screen": true,
    "Touch_ID": false,
    "Face_Unlock": false,
    "HDMI": false,
    "GPU_Brand": "Intel",
    "GPU_Model": "UHD",
    "USB-C_Ports": "2",
    "USB-C_Display": false,
    "Thunderbolt_3": true,
    "Thunderbolt_4": false,
    "USB-C_Charging": true,
    "CPU_Brand": "Intel",
    "CPU_Model": "Celeron",
    "Core_Count": "2",
    "RAM_Max": "4",
    "RAM_Capacity": "4",
    "RAM_Type": "DDR4",
    "Ethernet": false,
    "3.5mm_Jack": true,
    "Refresh_Rate": "60",
    "Keyboard_Type": "Membrane",
    "Keyboard_Light": false,
    "Keyboard_SoftButtons": true,
    "UEFI": true,
    "Sensor": false,
    "Price": 134000
  },
  "Acer Chromebook Spin 713 (2020)": {
    "Product_Brand": "Acer",
    "Release": "2020",
    "Screen_Size": "13",
    "RAM_Slots": 0,
    "Resolution": "2K",
    "Touch_Screen": true,
    "Touch_ID": false,
    "Face_Unlock": false,
    "HDMI": true,
    "GPU_Brand": "Intel",
    "GPU_Model": "UHD",
    "USB-C_Ports": "2",
    "USB-C_Display": false,
    "Thunderbolt_3": false,
    "Thunderbolt_4": false,
    "USB-C_Charging": true,
    "CPU_Brand": "Intel",
    "CPU_Model": "Core i3",
    "Core_Count": "2",
    "RAM_Max": "4",
    "RAM_Capacity": "4",
    "RAM_Type": "DDR4",
    "Ethernet": false,
    "3.5mm_Jack": true,
    "Refresh_Rate": "60",
    "Keyboard_Type": "Membrane",
    "Keyboard_Light": false,
    "Keyboard_SoftButtons": true,
    "UEFI": true,
    "Sensor": false,
    "Price": 145000
  },
  "ASUS X515 (2020)": {
    "Product_Brand": "ASUS",
    "Release": "2020",
    "Screen_Size": "15",
    "RAM_Slots": "1",
    "Resolution": "HD",
    "Touch_Screen": false,
    "Touch_ID": false,
    "Face_Unlock": false,
    "HDMI": true,
    "GPU_Brand": "Intel",
    "GPU_Model": "UHD",
    "USB-C_Ports": "1",
    "USB-C_Display": false,
    "Thunderbolt_3": false,
    "Thunderbolt_4": false,
    "USB-C_Charging": false,
    "CPU_Brand": "Intel",
    "CPU_Model": "Core i3",
    "Core_Count": "2",
    "RAM_Max": "8",
    "RAM_Capacity": "8",
    "RAM_Type": "DDR4",
    "Ethernet": false,
    "3.5mm_Jack": true,
    "Refresh_Rate": "60",
    "Keyboard_Type": "Membrane",
    "Keyboard_Light": false,
    "Keyboard_SoftButtons": true,
    "UEFI": true,
    "Sensor": false,
    "Price": 195000
  },
  "Microsoft Surface Go 2 (2020)": {
    "Product_Brand": "Microsoft",
    "Release": "2020",
    "Screen_Size": "10",
    "RAM_Slots": 0,
    "Resolution": "FULL HD",
    "Touch_Screen": true,
    "Touch_ID": false,
    "Face_Unlock": true,
    "HDMI": false,
    "GPU_Brand": "Intel",
    "GPU_Model": "UHD",
    "USB-C_Ports": "1",
    "USB-C_Display": false,
    "Thunderbolt_3": false,
    "Thunderbolt_4": false,
    "USB-C_Charging": true,
    "CPU_Brand": "Intel",
    "CPU_Model": "Pentium",
    "Core_Count": "2",
    "RAM_Max": "8",
    "RAM_Capacity": "8",
    "RAM_Type": "DDR3",
    "Ethernet": false,
    "3.5mm_Jack": true,
    "Refresh_Rate": "60",
    "Keyboard_Type": "Membrane",
    "Keyboard_Light": false,
    "Keyboard_SoftButtons": true,
    "UEFI": true,
    "Sensor": false,
    "Price": 168000
  },
  "Microsoft Surface Go 3 (2021)": {
    "Product_Brand": "Microsoft",
    "Release": "2021",
    "Screen_Size": "10",
    "RAM_Slots": 0,
    "Resolution": "FULL HD",
    "Touch_Screen": true,
    "Touch_ID": true,
    "Face_Unlock": true,
    "HDMI": false,
    "GPU_Brand": "Intel",
    "GPU_Model": "UHD",
    "USB-C_Ports": "1",
    "USB-C_Display": false,
    "Thunderbolt_3": false,
    "Thunderbolt_4": false,
    "USB-C_Charging": true,
    "CPU_Brand": "Intel",
    "CPU_Model": "Core i3",
    "Core_Count": "2",
    "RAM_Max": "8",
    "RAM_Capacity": "8",
    "RAM_Type": "DDR3",
    "Ethernet": false,
    "3.5mm_Jack": true,
    "Refresh_Rate": "60",
    "Keyboard_Type": "Membrane",
    "Keyboard_Light": false,
    "Keyboard_SoftButtons": false,
    "UEFI": true,
    "Sensor": false,
    "Price": 170000
  },
  "HP Chromebook x360 12 (2021)": {
    "Product_Brand": "HP",
    "Release": "2021",
    "Screen_Size": "12",
    "RAM_Slots": 0,
    "Resolution": "HD",
    "Touch_Screen": true,
    "Touch_ID": false,
    "Face_Unlock": false,
    "HDMI": false,
    "GPU_Brand": "Intel",
    "GPU_Model": "UHD",
    "USB-C_Ports": "2",
    "USB-C_Display": false,
    "Thunderbolt_3": false,
    "Thunderbolt_4": false,
    "USB-C_Charging": true,
    "CPU_Brand": "Intel",
    "CPU_Model": "Celeron",
    "Core_Count": "2",
    "RAM_Max": "4",
    "RAM_Capacity": "4",
    "RAM_Type": "DDR4",
    "Ethernet": false,
    "3.5mm_Jack": true,
    "Refresh_Rate": "60",
    "Keyboard_Type": "Membrane",
    "Keyboard_Light": false,
    "Keyboard_SoftButtons": false,
    "UEFI": true,
    "Sensor": false,
    "Price": 221000
  },
  "Acer Chromebook Plus 515 (2023)": {
    "Product_Brand": "Acer",
    "Release": "2023",
    "Screen_Size": "15",
    "RAM_Slots": 0,
    "Resolution": "FULL HD",
    "Touch_Screen": false,
    "Touch_ID": false,
    "Face_Unlock": false,
    "HDMI": true,
    "GPU_Brand": "Intel",
    "GPU_Model": "UHD",
    "USB-C_Ports": "2",
    "USB-C_Display": false,
    "Thunderbolt_3": false,
    "Thunderbolt_4": false,
    "USB-C_Charging": true,
    "CPU_Brand": "Intel",
    "CPU_Model": "Core i3",
    "Core_Count": "6",
    "RAM_Max": "8",
    "RAM_Capacity": "8",
    "RAM_Type": "DDR5",
    "Ethernet": false,
    "3.5mm_Jack": true,
    "Refresh_Rate": "60",
    "Keyboard_Type": "Membrane",
    "Keyboard_Light": false,
    "Keyboard_SoftButtons": false,
    "UEFI": true,
    "Sensor": false,
    "Price": 51000
  },
  "Acer Aspire 3 15 (2023)": {
    "Product_Brand": "Acer",
    "Release": "2023",
    "Screen_Size": "15",
    "RAM_Slots": 0,
    "Resolution": "FULL HD",
    "Touch_Screen": false,
    "Touch_ID": false,
    "Face_Unlock": false,
    "HDMI": true,
    "GPU_Brand": "Intel",
    "GPU_Model": "UHD",
    "USB-C_Ports": "1",
    "USB-C_Display": false,
    "Thunderbolt_3": false,
    "Thunderbolt_4": false,
    "USB-C_Charging": true,
    "CPU_Brand": "Intel",
    "CPU_Model": "Core i3",
    "Core_Count": "8",
    "RAM_Max": "8",
    "RAM_Capacity": "8",
    "RAM_Type": "DDR5",
    "Ethernet": false,
    "3.5mm_Jack": true,
    "Refresh_Rate": "60",
    "Keyboard_Type": "Membrane",
    "Keyboard_Light": false,
    "Keyboard_SoftButtons": false,
    "UEFI": true,
    "Sensor": false,
    "Price": 98000
  },
  "ASUS Chromebook Plus CX34 (2023)": {
    "Product_Brand": "ASUS",
    "Release": "2023",
    "Screen_Size": "14",
    "RAM_Slots": 0,
    "Resolution": "FULL HD",
    "Touch_Screen": false,
    "Touch_ID": false,
    "Face_Unlock": false,
    "HDMI": true,
    "GPU_Brand": "Intel",
    "GPU_Model": "UHD",
    "USB-C_Ports": "2",
    "USB-C_Display": false,
    "Thunderbolt_3": false,
    "Thunderbolt_4": false,
    "USB-C_Charging": true,
    "CPU_Brand": "Intel",
    "CPU_Model": "Core i3",
    "Core_Count": "6",
    "RAM_Max": "8",
    "RAM_Capacity": "8",
    "RAM_Type": "DDR5",
    "Ethernet": false,
    "3.5mm_Jack": true,
    "Refresh_Rate": "60",
    "Keyboard_Type": "Membrane",
    "Keyboard_Light": false,
    "Keyboard_SoftButtons": true,
    "UEFI": true,
    "Sensor": false,
    "Price": 137000
  },
  "Lenovo IdeaPad Slim 3i 15 (2023)": {
    "Product_Brand": "Lenovo",
    "Release": "2023",
    "Screen_Size": "15",
    "RAM_Slots": 0,
    "Resolution": "FULL HD",
    "Touch_Screen": true,
    "Touch_ID": false,
    "Face_Unlock": false,
    "HDMI": true,
    "GPU_Brand": "Intel",
    "GPU_Model": "UHD",
    "USB-C_Ports": "1",
    "USB-C_Display": false,
    "Thunderbolt_3": false,
    "Thunderbolt_4": false,
    "USB-C_Charging": true,
    "CPU_Brand": "Intel",
    "CPU_Model": "Core i3",
    "Core_Count": "6",
    "RAM_Max": "8",
    "RAM_Capacity": "8",
    "RAM_Type": "DDR5",
    "Ethernet": false,
    "3.5mm_Jack": true,
    "Refresh_Rate": "60",
    "Keyboard_Type": "Membrane",
    "Keyboard_Light": false,
    "Keyboard_SoftButtons": false,
    "UEFI": true,
    "Sensor": false,
    "Price": 154000
  },
  "Lenovo IdeaPad Slim 3i Chromebook 14 (2023)": {
    "Product_Brand": "Lenovo",
    "Release": "2023",
    "Screen_Size": "14",
    "RAM_Slots": 0,
    "Resolution": "FULL HD",
    "Touch_Screen": true,
    "Touch_ID": false,
    "Face_Unlock": false,
    "HDMI": true,
    "GPU_Brand": "Intel",
    "GPU_Model": "UHD",
    "USB-C_Ports": "1",
    "USB-C_Display": false,
    "Thunderbolt_3": false,
    "Thunderbolt_4": false,
    "USB-C_Charging": true,
    "CPU_Brand": "Intel",
    "CPU_Model": "Core i3",
    "Core_Count": "8",
    "RAM_Max": "8",
    "RAM_Capacity": "8",
    "RAM_Type": "DDR5",
    "Ethernet": false,
    "3.5mm_Jack": true,
    "Refresh_Rate": "60",
    "Keyboard_Type": "Membrane",
    "Keyboard_Light": false,
    "Keyboard_SoftButtons": false,
    "UEFI": true,
    "Sensor": false,
    "Price": 79000
  },
  "Acer Aspire 3 Spin 14 (2023)": {
    "Product_Brand": "Acer",
    "Release": "2023",
    "Screen_Size": "14",
    "RAM_Slots": 0,
    "Resolution": "FULL HD",
    "Touch_Screen": true,
    "Touch_ID": false,
    "Face_Unlock": false,
    "HDMI": true,
    "GPU_Brand": "Intel",
    "GPU_Model": "UHD",
    "USB-C_Ports": "1",
    "USB-C_Display": false,
    "Thunderbolt_3": false,
    "Thunderbolt_4": false,
    "USB-C_Charging": true,
    "CPU_Brand": "Intel",
    "CPU_Model": "Core i3",
    "Core_Count": "8",
    "RAM_Max": "8",
    "RAM_Capacity": "8",
    "RAM_Type": "DDR5",
    "Ethernet": false,
    "3.5mm_Jack": true,
    "Refresh_Rate": "60",
    "Keyboard_Type": "Membrane",
    "Keyboard_Light": false,
    "Keyboard_SoftButtons": false,
    "UEFI": true,
    "Sensor": false,
    "Price": 170000
  }
}
